あい	愛	3828
あいこん	アイコン	4242
あいさつ	挨拶	3867
あいしょう	相性	3966
あいじょう	愛情	4438
あいす	アイス	4444
あいて	相手	2994
あいてむ	アイテム	3401
あいであ	アイデア	4064
あいでぃー	ID	4148
あいどる	アイドル	3993
あいまい	曖昧	3557
あいまって	相まって	3644
あいよう	愛用	4292
あうと	アウト	4297
あうとどあ	アウトドア	4299
あえて	敢えて	3772
あお	青	4154
あか	赤	3877
あかうんと	アカウント	3739
あかちゃん	赤ちゃん	4034
あき	秋	2727
あきらか	明らか	2673
あくしつ	悪質	3900
あくしょん	アクション	3805
あくせさりー	アクセサリー	4336
あくせす	アクセス	3333
あくせんと	アクセント	4485
あくてぃぶ	アクティブ	3882
あくま	悪魔	4384
あげく	挙句	4368
あさ	朝	2764
あさおき	朝起き	4238
あさばん	朝晩	4212
あざやか	鮮やか	3349
あし	足	3875
あし	脚	4349
あした	明日	3087
あしもと	足元	4491
あじ	味	3589
あじわい	味わい	4346
あす	明日	3365
あせ	汗	4174
あそび	遊び	4354
あたい	値	4349
あたたか	温か	4416
あたま	頭	4291
あたり	辺り	4462
あたり	当たり	4500
あたりまえ	当たり前	2998
あっか	悪化	4131
あっかん	圧巻	3864
あっしゅく	圧縮	4355
あっというまに	あっという間に	3189
あっとうてき	圧倒的	3050
あっとほーむ	アットホーム	4204
あっぱー	アッパー	4088
あっぷ	アップ	3141
あっぷでーと	アップデート	3844
あっぷろーど	アップロード	4336
あつりょく	圧力	4417
あでやか	艶やか	4423
あと	後	3821
あと	跡	4290
あとあと	後々	4207
あとで	後で	3154
あどばいす	アドバイス	3701
あどれす	アドレス	4181
あな	穴	4137
あに	兄	4438
あにめ	アニメ	3426
あにめーしょん	アニメーション	4429
あぴーる	アピール	4065
あふぃりえいと	アフィリエイト	4497
あぶら	油	4289
あぷり	アプリ	3344
あぷりけーしょん	アプリケーション	4099
あぷろーち	アプローチ	3883
あほ	アホ	3586
あまり	余り	4066
あめ	雨	3785
あらかじめ	予め	2660
あらた	新た	2371
あらためて	改めて	2612
あり	有り	4335
あるこーる	アルコール	4289
あるじ	主	4192
あるばいと	アルバイト	4274
あるばむ	アルバム	4038
あるひ	ある日	4416
あるみ	アルミ	4489
あれるぎー	アレルギー	4469
あれんじ	アレンジ	4060
あんい	安易	4037
あんか	安価	3698
あんけん	案件	4097
あんけーと	アンケート	3980
あんごう	暗号	4255
あんしん	安心	3161
あんしんかん	安心感	4480
あんぜん	安全	2178
あんぜんせい	安全性	3523
あんぜんたいさく	安全対策	4199
あんてい	安定	3386
あんない	案内	3367
あーかいぶ	アーカイブ	4174
あーてぃすと	アーティスト	4057
あーと	アート	3851
いいかげん	いい加減	4130
いいん	委員	3593
いいんかい	委員会	4457
いおん	イオン	4308
いか	以下	1801
いか	イカ	4471
いかが	如何	3942
いかのきじ	以下の記事	3999
いかのてじゅん	以下の手順	4203
いかのないよう	以下の内容	4475
いがい	意外	3174
いがい	以外	3340
いがいと	意外と	2805
いがく	医学	4183
いき	息	4263
いきおい	勢い	3881
いくじ	育児	4054
いくせい	育成	3677
いけん	意見	3342
いこう	以降	2462
いこう	移行	3940
いご	以後	3843
いさん	遺産	4303
いざ	イザ	4228
いし	医師	3809
いし	意思	3969
いし	石	4301
いしき	意識	3266
いしょう	衣装	4111
いしょく	移植	4390
いじ	維持	3499
いじゅう	移住	4270
いじょう	異常	2877
いす	椅子	4423
いせき	移籍	4422
いぜん	以前	2430
いぜん	依然	4439
いぜんとして	依然として	3613
いぞん	依存	4140
いた	板	4490
いたく	委託	3889
いたって	至って	4302
いたみ	痛み	4069
いだい	偉大	3805
いち	位置	3257
いちがいに	一概に	4137
いちがつ	1月	2575
いちがつ	一月	3075
いちじ	一時	3068
いちじき	一時期	4006
いちじてき	一時的	3310
いちだんと	一段と	4024
いちど	一度	2504
いちどに	一度に	3324
いちねん	一年	4454
いちねんじゅう	一年中	4447
いちばん	一番	2152
いちばん	1番	3011
いちぶ	一部	2142
いちやく	一躍	4144
いちらん	一覧	3449
いちりつ	一律	4010
いっかい	一回	3352
いっかつ	一括	4364
いっかん	一貫	4135
いっきに	一気に	2695
いっきょ	一挙	4162
いっけん	一見	3412
いっこうに	一向に	4086
いっこく	一刻	4421
いっさい	一切	2754
いっさいあり	一切あり	4307
いっさいのせきにん	一切の責任	3936
いっしゅん	一瞬	3214
いっしょ	一緒	3000
いっしょう	一生	3289
いっしょうけんめい	一生懸命	3400
いっせいに	一斉に	3731
いったい	一体	3126
いったん	一旦	3150
いっち	一致	4090
いっちょくせん	一直線	4351
いってい	一定	3798
いっぱい	一杯	4492
いっぱつ	一発	3608
いっぱん	一般	3229
いっぱんてき	一般的	3718
いっぽ	一歩	3264
いっぽう	一方	4164
いっぽうで	一方で	2550
いつか	5日	3938
いつつ	5つ	3171
いつつ	五つ	4344
いつのまにか	いつの間にか	3404
いてん	移転	4190
いでんし	遺伝子	4377
いと	意図	4010
いと	糸	4376
いどう	移動	3239
いどう	異動	4434
いぬ	犬	3825
いのち	命	4172
いのべーしょん	イノベーション	4417
いはん	違反	3939
いへん	異変	4151
いべんと	イベント	2959
いほう	違法	3556
いまさら	今更	3930
いまさら	今さら	4131
いまだ	未だ	3721
いまだに	未だに	3458
いまどき	今どき	4416
いまにも	今にも	4308
いまのところ	今のところ	3109
いままで	今まで	2244
いまや	今や	3322
いみ	意味	2955
いめーじ	イメージ	3178
いもうと	妹	4309
いや	嫌	2896
いや	イヤ	3633
いやくひん	医薬品	4447
いやだ	嫌だ	3846
いやだっ	嫌だっ	4401
いやな	嫌な	3433
いやに	嫌に	4141
いよう	異様	4180
いよく	意欲	4418
いらい	以来	2922
いらい	依頼	3426
いらすと	イラスト	3786
いりぐち	入口	4370
いりょう	医療	3190
いりょうきかん	医療機関	4442
いりょく	威力	4470
いろいろ	色々	3066
いわ	岩	4428
いわかん	違和感	4230
いわく	曰く	4006
いわずもがな	言わずもがな	4368
いん	イン	3885
いんさつ	印刷	3765
いんしょう	印象	3399
いんしょうてき	印象的	4426
いんしょく	飲食	4184
いんしょくてん	飲食店	4392
いんすとーる	インストール	3751
いんたい	引退	4204
いんたびゅー	インタビュー	3944
いんたーねっと	インターネット	3708
いんてりあ	インテリア	4118
いんぱくと	インパクト	4441
いんふら	インフラ	4398
いんよう	引用	3966
ういるす	ウイルス	3996
うぇぶさいと	ウェブサイト	4080
うきうき	ウキウキ	4340
うけつけ	受付	3580
うごき	動き	3800
うしろ	後ろ	4020
うしろ	後	4272
うすめ	薄め	4335
うそ	嘘	4197
うた	歌	3875
うたて	転	4401
うち	中	4498
うちゅう	宇宙	4095
うつ	鬱	4277
うつくしさ	美しさ	4280
うで	腕	4252
うま	馬	4170
うみ	海	4022
うむ	有無	4201
うら	裏	3895
うらない	占い	4352
うらはら	裏腹	4379
うりあげ	売上	4067
うりきれ	売り切れ	4159
うわき	浮気	4487
うわさ	噂	4067
うん	運	4117
うんえい	運営	3264
うんこう	運行	4229
うんてん	運転	3434
うんどう	運動	3483
うんめい	運命	4255
うんよう	運用	3498
えあ	エア	4446
えあこん	エアコン	4224
えいえん	永遠	3435
えいが	映画	3208
えいきょう	影響	3049
えいぎょう	営業	3259
えいご	英語	3305
えいせい	衛生	4246
えいぞう	映像	3662
えいちぴー	HP	4027
えいよう	栄養	4061
えがお	笑顔	3898
えきまえ	駅前	4461
えこ	エコ	4329
えすぴー	SP	4490
えだ	枝	4448
えつらん	閲覧	3787
えて	得て	2799
えねるぎー	エネルギー	3780
えぴそーど	エピソード	4050
えほん	絵本	4337
えらび	選び	4456
えらびかた	選び方	4197
えらー	エラー	3953
えりあ	エリア	3580
えるいーでぃー	LED	4321
えれがんと	エレガント	3895
えろ	エロ	4368
えん	苑	4452
えん	塩	4464
えん	円	4492
えんえんと	延々と	3902
えんかつ	円滑	3614
えんぎ	演技	4045
えんしゅつ	演出	3677
えんしょう	炎症	4331
えんじにあ	エンジニア	4141
えんじん	エンジン	3796
えんそう	演奏	3648
えんちょう	延長	4053
えんとり	エントリ	4462
えんとりー	エントリー	4388
えんど	エンド	4454
えんまん	円満	4488
えんりょ	遠慮	4110
えーじぇんと	エージェント	4196
えーす	エース	4496
おいる	オイル	3976
おいわい	お祝い	4300
おうえん	応援	3286
おうおうにして	往々にして	4471
おうせい	旺盛	4014
おうだん	横断	4491
おうとう	応答	4318
おうとつ	凹凸	4025
おうふく	往復	4487
おうぼ	応募	3521
おうよう	応用	4098
おおいに	大いに	3271
おおがた	大型	3971
おおきめ	大きめ	4234
おおく	多く	1952
おおくのほう	多くの方	3693
おおくり	お送り	4109
おおげさ	大げさ	4257
おおさじ	大さじ	4374
おおて	大手	4128
おおはば	大幅	3017
おおまか	大まか	4023
おおむね	概ね	3551
おおめ	多め	4270
おかあさん	お母さん	4265
おかし	お菓子	4128
おかね	お金	3631
おきにいり	お気に入り	2843
おきゃく	お客	3818
おきゃくさま	お客様	3074
おく	奥	4185
おくがい	屋外	4419
おこさま	お子様	4222
おこさん	お子さん	4313
おこし	お越し	4014
おこたえ	お答え	4403
おことわり	お断り	4311
おさけ	お酒	4167
おしくも	惜しくも	4068
おしごと	お仕事	4344
おして	押して	2848
おしゃれ	オシャレ	3440
おしゃれ	お洒落	3976
おしらせ	お知らせ	3272
おすすめ	オススメ	3634
おすまい	お住まい	4383
おせわ	お世話	3929
おせん	汚染	4436
おそらく	恐らく	3327
おたがい	お互い	2896
おたがいに	お互いに	3244
おだやか	穏やか	3256
おちゃ	お茶	4112
おっと	夫	3830
おつかい	お使い	4181
おつたえ	お伝え	3814
おてつだい	お手伝い	4349
おでかけ	お出かけ	4403
おでんわ	お電話	4011
おとうと	弟	4353
おとこ	男	3577
おとこのこ	男の子	4460
おととし	一昨年	4296
おとどけ	お届け	3648
おとな	大人	3589
おなか	お腹	4120
おなじく	同じく	2783
おに	鬼	4125
おねがい	お願い	2766
おねがいします	お願いします	3583
おのおの	各々	4380
おのずと	自ずと	4322
おはなし	お話	3581
おはなし	お話し	4189
おひる	お昼	3595
おふ	オフ	4467
おふぃしゃる	オフィシャル	4356
おふぃす	オフィス	4011
おふろ	お風呂	4282
おぶじぇくと	オブジェクト	4145
おぷしょん	オプション	3831
おへや	お部屋	4264
おべんとう	お弁当	4420
おまち	お待ち	3511
おみせ	お店	3467
おみやげ	お土産	4332
おむかえ	お迎え	4481
おも	主	2959
おもい	思い	3948
おもい	想い	4278
おもいきり	思い切り	4098
おもいっきり	思いっきり	3586
おもいで	思い出	3974
おもうぞんぶん	思う存分	4097
おもて	表	4380
おもな	主な	3554
おもに	主に	2421
おや	親	3788
おやこ	親子	4214
おゆ	お湯	4442
おりじなる	オリジナル	3750
おりんぴっく	オリンピック	4306
おれい	お礼	4309
おれんじ	オレンジ	4294
おろか	愚か	4248
おわらい	お笑い	4436
おん	オン	4473
おんがく	音楽	3213
おんせい	音声	4216
おんせん	温泉	3821
おんだん	温暖	3788
おんど	温度	3895
おんな	女	3996
おんなのこ	女の子	3784
おんらいん	オンライン	3442
おんりー	オンリー	4332
おーけい	OK	3782
おーそどっくす	オーソドックス	4464
おーだ	オーダ	4487
おーだー	オーダー	4329
おーでぃお	オーディオ	4262
おーなー	オーナー	4215
おーばー	オーバー	4184
おーぷん	オープン	3589
かい	海	4102
かい	会	4193
かいいん	会員	3608
かいいんとうろく	会員登録	4451
かいか	開花	4449
かいかく	改革	4110
かいかん	快感	4376
かいが	絵画	4384
かいがい	海外	3533
かいがん	海岸	4463
かいきん	解禁	4486
かいぎ	会議	3638
かいぎょう	開業	4140
かいけい	会計	3941
かいけつ	解決	3301
かいけつさく	解決策	4478
かいけん	会見	4372
かいご	介護	3461
かいさい	開催	2978
かいさん	解散	4405
かいし	開始	3178
かいしゃ	会社	3150
かいしゃく	解釈	3999
かいしゅう	回収	3877
かいしゅう	改修	4338
かいしょう	解消	3893
かいじ	開示	3700
かいじょ	解除	3878
かいじょう	会場	3605
かいすう	回数	4061
かいせい	改正	3814
かいせき	解析	3940
かいせつ	解説	3157
かいせつ	開設	4104
かいぜん	改善	3182
かいぞう	改造	4219
かいたい	解体	4237
かいたく	開拓	4473
かいだん	階段	4147
かいちょう	会長	4187
かいてい	改定	4424
かいてき	快適	2622
かいてきさ	快適さ	4197
かいてきせい	快適性	4319
かいてん	回転	3761
かいとう	回答	3380
かいとう	解答	4497
かいとり	買取	3721
かいぬし	飼い主	4469
かいはつ	開発	2966
かいひ	回避	3925
かいふう	開封	4211
かいふく	回復	3540
かいほう	解放	3975
かいほう	開放	4135
かいまく	開幕	4374
かいむ	皆無	4036
かいもの	買い物	3881
かいやく	解約	4395
かいりょう	改良	4216
かいろ	回路	4416
かいわ	会話	3619
かうんせりんぐ	カウンセリング	4227
かうんたー	カウンター	4177
かうんと	カウント	4409
かおり	香り	3960
かかく	価格	3262
かがく	科学	3630
かがく	化学	3909
かき	下記	2726
かきふぉーむ	下記フォーム	4430
かきりんく	下記リンク	4376
かきん	課金	4243
かぎ	鍵	4072
かく	確	4087
かく	核	4468
かくご	覚悟	4234
かくさん	拡散	4428
かくしゅ	各種	3862
かくしん	革新	4170
かくしん	確信	4361
かくじ	各自	3717
かくじつ	確実	2838
かくせい	覚醒	4259
かくだい	拡大	3485
かくだん	格段	3896
かくち	各地	4164
かくちょう	拡張	4014
かくてい	確定	3781
かくとく	獲得	3487
かくど	角度	4236
かくにん	確認	2547
かくべつ	格別	4444
かくほ	確保	3499
かくめい	革命	4342
かくやす	格安	3778
かくりつ	確率	3988
かくりつ	確立	4129
かぐ	家具	4207
かげ	影	4276
かげき	過激	4116
かこ	過去	2266
かこう	加工	3501
かこく	過酷	3789
かさい	火災	4421
かさねて	重ねて	2978
かさん	加算	4375
かし	歌詞	4167
かし	可視	4377
かしょ	箇所	4168
かしら	頭	4290
かじ	家事	4215
かじゅある	カジュアル	3711
かじょう	過剰	3369
かすたまいず	カスタマイズ	4079
かすたむ	カスタム	4000
かず	数	4044
かずかず	数々	3261
かぜ	風	3597
かぜい	課税	4457
かそう	仮想	4187
かそく	加速	4057
かぞく	家族	3253
かた	方	3704
かた	形	3978
かた	肩	4105
かたがた	方々	3790
かたき	敵	4101
かたち	形	3886
かたほう	片方	3641
かたろぐ	カタログ	4383
かだい	課題	3297
かち	価値	3518
かちかん	価値観	4226
かっきてき	画期的	3962
かっしょく	褐色	4147
かっせい	活性	3946
かって	勝手	2991
かっと	カット	3593
かっぱつ	活発	3488
かっぷ	カップ	4133
かっぷる	カップル	4478
かつ	且つ	3636
かつ	活	4434
かつどう	活動	2854
かつやく	活躍	3306
かつよう	活用	3049
かてごり	カテゴリ	4092
かてごりー	カテゴリー	4276
かでん	家電	4411
かど	過度	3729
かどう	稼働	4224
かどう	可動	4499
かならずしも	必ずしも	3118
かにゅう	加入	3944
かね	金	4316
かねつ	加熱	4166
かのう	可能	1715
かのうせい	可能性	3036
かのじょ	彼女	4170
かばー	カバー	3770
かび	カビ	4446
かふぇ	カフェ	3754
かぶ	株	4449
かぶしき	株式	4227
かぶしきがいしゃ	株式会社	3350
かぶぬし	株主	4465
かべ	壁	3998
かみ	神	3779
かみ	髪	3890
かみ	紙	4352
かみさま	神様	4357
かめら	カメラ	3470
かもく	科目	4229
かよう	火曜	4197
かようび	火曜日	3758
からだ	体	3774
からだ	身体	3934
からー	カラー	3473
かりかり	カリカリ	4292
かりに	仮に	3213
かりょく	火力	4314
かれい	華麗	4050
かれし	彼氏	4401
かれん	可憐	4339
かれんだー	カレンダー	4386
かれー	カレー	4352
かろやか	軽やか	3778
かろりー	カロリー	4498
かわ	川	4266
かわ	皮	4281
かわいそう	可哀想	3947
かわり	代わり	4458
かん	感	4363
かん	缶	4388
かんかく	感覚	3691
かんがえ	考え	4218
かんがえかた	考え方	3926
かんきゃく	観客	4361
かんきょう	環境	3005
かんけい	関係	2812
かんけいしゃ	関係者	4173
かんけつ	簡潔	3893
かんけつ	完結	4363
かんげい	歓迎	3915
かんげん	還元	4319
かんこう	観光	3554
かんこうきゃく	観光客	4420
かんご	看護	3732
かんごし	看護師	4372
かんさ	監査	4242
かんさつ	観察	3852
かんし	監視	4040
かんして	関して	3766
かんしゃ	感謝	3445
かんしゅう	監修	4379
かんしょう	鑑賞	4183
かんしょう	干渉	4451
かんしん	関心	4110
かんじ	感じ	3283
かんじ	漢字	4191
かんじゃ	患者	3552
かんじょう	感情	3699
かんじん	肝心	3819
かんすう	関数	4234
かんせい	完成	3457
かんせつ	関節	4262
かんせん	感染	3515
かんせん	観戦	4425
かんぜん	完全	2356
かんそ	簡素	4099
かんそう	乾燥	3712
かんそう	感想	3715
かんそく	観測	4211
かんたん	簡単	2143
かんちがい	勘違い	4330
かんてい	鑑定	4224
かんてん	観点	4223
かんとく	監督	3417
かんどう	感動	3766
かんのう	堪能	4261
かんばい	完売	4319
かんばん	看板	4202
かんび	完備	4458
かんぺき	完璧	2987
かんよ	関与	4388
かんよう	寛容	4239
かんり	管理	2793
かんりしゃ	管理者	4406
かんりゃく	簡略	4488
かんりょう	完了	3537
かんれん	関連	3238
かんわ	緩和	4259
かー	カー	4106
かーと	カート	4456
かーど	カード	3257
がい	外	4238
がいかん	外観	4329
がいこく	外国	3829
がいしゅつ	外出	4260
がいてき	外的	4476
がいとう	該当	3640
がいど	ガイド	3782
がいどらいん	ガイドライン	4483
がいねん	概念	4205
がいぶ	外部	3953
がいへき	外壁	4473
がいよう	概要	4004
がくえん	学園	4301
がくしゅう	学習	3269
がくせい	学生	3381
がくねん	学年	4360
がくぶ	学部	4402
がす	ガス	3973
がぞう	画像	3163
がた	方	3820
がちがち	ガチガチ	4493
がっか	学科	4411
がっかい	学会	4264
がっき	楽器	4298
がっきょく	楽曲	4104
がっこう	学校	3258
がっぺい	合併	4352
がまん	我慢	4178
がみ	紙	4439
がめん	画面	3362
がらがら	ガラガラ	4424
がらす	ガラス	3988
がん	ガン	4195
がんがん	ガンガン	3659
がんこ	頑固	4225
がんじょう	頑丈	4076
がーど	ガード	4283
きおく	記憶	3581
きおん	気温	4138
きかく	企画	3419
きかく	規格	4204
きかんげんてい	期間限定	4451
きがる	気軽	2449
きぎょう	企業	2960
きぎょう	起業	4367
きけん	危険	2696
きけんせい	危険性	4474
きげん	期限	4047
きげんぜん	紀元前	4260
きこう	機構	4234
きこう	気候	4386
きこく	帰国	4311
きさい	記載	3297
きさく	気さく	4191
きし	騎士	4496
きしゃ	記者	4306
きしゅ	機種	4141
きしょう	希少	4022
きじ	記事	2925
きじ	生地	4040
きじゅつ	記述	4009
きじゅん	基準	3457
きす	キス	4312
きず	傷	3955
きずな	絆	4412
きせい	規制	3899
きせき	奇跡	3426
きせきてき	奇跡的	4456
きせつ	季節	3752
きそ	基礎	3797
きそく	規則	4051
きそん	既存	4257
きぞん	既存	4255
きたい	期待	3161
きたく	帰宅	4316
きち	基地	4429
きちょう	貴重	2941
きっちん	キッチン	4090
きっと	キット	4359
きつえん	喫煙	4318
きてい	規定	3281
きどう	起動	3706
きにゅう	記入	3940
きねん	記念	3471
きのう	機能	2795
きのう	昨日	3135
きのどく	気の毒	4385
きばん	基盤	4212
きふ	寄付	4133
きぶん	気分	3861
きほん	基本	2090
きほんてき	基本的	2552
きぼ	規模	3732
きぼう	希望	3190
きまって	決まって	3124
きまま	気まま	4368
きみょう	奇妙	3669
きめこまやか	きめ細やか	4488
きもち	気持ち	3100
きもの	着物	4465
きゃく	客	4088
きゃくほん	脚本	4428
きゃしゃ	華奢	4449
きゃすと	キャスト	4040
きゃっかん	客観	4353
きゃっしゅ	キャッシュ	4254
きゃっぷ	キャップ	4305
きゃら	キャラ	3555
きゃらくたー	キャラクター	3588
きゃりあ	キャリア	3548
きゃんせる	キャンセル	3746
きゃんぷ	キャンプ	4160
きゃんぺーん	キャンペーン	3704
きやく	規約	4168
きゅう	急	3034
きゅうか	休暇	3854
きゅうきょ	急遽	3581
きゅうきょく	究極	3463
きゅうぎょう	休業	4029
きゅうくつ	窮屈	4286
きゅうけい	休憩	4030
きゅうげき	急激	3673
きゅうしゅう	吸収	3990
きゅうしょく	給食	4218
きゅうじつ	休日	2860
きゅうじん	求人	3789
きゅうそく	急速	3486
きゅうな	急な	3710
きゅうふ	給付	4196
きゅうよ	給与	3769
きゅうりょう	給料	4285
きゅーと	キュート	3727
きょうい	脅威	4366
きょういく	教育	3172
きょういん	教員	4348
きょうえん	共演	4247
きょうか	強化	3419
きょうかい	協会	3967
きょうかい	教会	4331
きょうかい	境界	4466
きょうかしょ	教科書	4476
きょうかん	共感	4061
きょうきゅう	供給	3951
きょうぎ	競技	3880
きょうぎ	協議	4052
きょうこ	強固	3990
きょうごう	競合	4380
きょうざい	教材	4411
きょうし	教師	4259
きょうしつ	教室	3809
きょうしゅく	恐縮	3900
きょうじゅ	教授	4215
きょうじん	強靭	4270
きょうせい	矯正	3995
きょうせい	強制	4122
きょうそう	競争	3971
きょうだい	兄弟	4344
きょうだい	強大	4411
きょうちょう	強調	4108
きょうつう	共通	3691
きょうてい	協定	4396
きょうど	強度	4302
きょうどう	共同	3766
きょうふ	恐怖	4165
きょうみ	興味	3550
きょうゆう	共有	3411
きょうりょく	強力	3005
きょうりょく	協力	3352
きょうれつ	強烈	3575
きょか	許可	3670
きょく	曲	3756
きょくげん	極限	3943
きょくたん	極端	3467
きょじゅう	居住	4308
きょだい	巨大	3063
きょてん	拠点	3979
きょねん	去年	3184
きょひ	拒否	4161
きょよう	許容	4500
きょり	距離	3603
きよ	寄与	4359
きよう	器用	4123
きよらか	清らか	4466
きらい	嫌い	3483
きらく	気楽	3980
きれい	キレイ	3245
きれい	綺麗	3415
きろ	帰路	4455
きろく	記録	3365
きわめて	極めて	2984
きん	金	4140
きん	菌	4461
きんいつ	均一	3891
きんがく	金額	3791
きんきゅう	緊急	3054
きんし	禁止	3602
きんじつ	近日	4341
きんじょ	近所	4359
きんぞく	金属	4054
きんちょう	緊張	3847
きんとう	均等	4258
きんとれ	筋トレ	4472
きんにく	筋肉	4021
きんねん	近年	2949
きんむ	勤務	3515
きんゆう	金融	3748
きんよう	金曜	3946
きんようび	金曜日	3536
きんりん	近隣	4472
きー	キー	3851
きーぷ	キープ	4417
きーぼーど	キーボード	4429
きーわーど	キーワード	4156
ぎいん	議員	4256
ぎじゅつ	技術	3108
ぎたー	ギター	4008
ぎのう	技能	4415
ぎふと	ギフト	4087
ぎむ	義務	4143
ぎもん	疑問	2893
ぎゃく	逆	3745
ぎゃくてん	逆転	4387
ぎゃっぷ	ギャップ	4414
ぎゅうにゅう	牛乳	4427
ぎょうかい	業界	3520
ぎょうしゃ	業者	3702
ぎょうしゅ	業種	4482
ぎょうじ	行事	4291
ぎょうせい	行政	3852
ぎょうせき	業績	4450
ぎょうむ	業務	3078
ぎょうれつ	行列	4403
ぎりぎり	ギリギリ	3527
ぎろん	議論	3916
ぎんこう	銀行	3996
くいき	区域	4476
くいず	クイズ	4311
くう	空	4475
くうかん	空間	3648
くうき	空気	3798
くうこう	空港	4048
くえすと	クエスト	3986
くかん	区間	4467
くがつ	9月	2634
くがつ	九月	3134
くさ	草	4198
くし	駆使	4433
くすり	薬	4369
くせ	曲	4216
くそ	クソ	3843
くち	口	3985
くちこみ	口コミ	3432
くちこみ	クチコミ	4358
くっきー	クッキー	4260
くっしょん	クッション	4380
くつ	靴	4378
くつう	苦痛	3826
くどう	駆動	4459
くに	国	3552
くび	首	4093
くふう	工夫	3770
くぶん	区分	4230
くべつ	区別	4359
くみあい	組合	4111
くみあわせ	組み合わせ	4140
くらい	位	3990
くらいあんと	クライアント	4228
くらし	暮らし	4314
くらしっく	クラシック	3388
くらす	クラス	3703
くらふと	クラフト	4214
くらぶ	クラブ	3864
くりあ	クリア	3552
くりえいたー	クリエイター	4319
くりえいてぃぶ	クリエイティブ	4180
くりすます	クリスマス	3907
くりっく	クリック	3196
くりっぷ	クリップ	4436
くりにっく	クリニック	3873
くりーにんぐ	クリーニング	4318
くりーむ	クリーム	4204
くりーん	クリーン	3635
くるくる	クルクル	4308
くるま	車	3659
くるま	クルマ	4337
くれじっと	クレジット	4484
くれじっとかーど	クレジットカード	4298
くろ	黒	3825
くろう	苦労	4057
くろす	クロス	4203
くんれん	訓練	3880
くーぽん	クーポン	4305
くーる	クール	3415
ぐあい	具合	4466
ぐうぜん	偶然	3364
ぐたい	具体	3520
ぐたいてき	具体的	3689
ぐっず	グッズ	3947
ぐらぐら	グラグラ	4498
ぐらふ	グラフ	4375
ぐらふぃっく	グラフィック	4400
ぐらんど	グランド	4445
ぐりっぷ	グリップ	4473
ぐりーん	グリーン	4180
ぐる	グル	4445
ぐるぐる	グルグル	4254
ぐるめ	グルメ	4306
ぐるーぷ	グループ	3415
ぐれー	グレー	4419
ぐれーど	グレード	3941
ぐろ	グロ	4157
ぐろーばる	グローバル	4015
けあ	ケア	3539
けいえい	経営	3325
けいえいしゃ	経営者	4399
けいか	経過	3832
けいかい	軽快	3992
けいかい	警戒	4376
けいかく	計画	3250
けいけん	経験	2894
けいげん	軽減	3782
けいこ	稽古	4475
けいこう	傾向	3759
けいこく	警告	4267
けいさい	掲載	3209
けいさつ	警察	3896
けいさん	計算	3507
けいざい	経済	3608
けいしき	形式	3870
けいしょう	継承	4296
けいじばん	掲示板	4415
けいじょう	形状	4058
けいせい	形成	3790
けいそく	計測	4229
けいぞく	継続	3485
けいぞくてき	継続的	4279
けいたい	携帯	4085
けいば	競馬	4194
けいび	軽微	4248
けいび	警備	4362
けいやく	契約	3270
けいゆ	経由	4141
けいりょう	軽量	3162
けいりょうか	軽量化	4500
けいれき	経歴	4471
けが	怪我	4250
けさ	今朝	3902
けしき	景色	4080
けしょう	化粧	4341
けっかん	血管	4500
けっきょく	結局	2684
けっこう	結構	2288
けっこん	結婚	3383
けっこんしき	結婚式	4178
けっさい	決済	3847
けっさん	決算	4324
けっして	決して	2711
けっしょう	結晶	4403
けっしょう	決勝	4471
けっせい	結成	4430
けってい	決定	3326
けっていてき	決定的	3930
けつ	穴	4460
けつい	決意	4227
けつえき	血液	4423
けつごう	結合	4326
けつだん	決断	4272
けつろん	結論	4003
けねん	懸念	4295
けん	県	4071
けん	剣	4415
けんか	喧嘩	4460
けんがく	見学	3824
けんきゅう	研究	2922
けんきょ	謙虚	4099
けんげん	権限	4406
けんこう	健康	2329
けんこうしんだん	健康診断	4348
けんこうてき	健康的	3790
けんさ	検査	3400
けんさく	検索	3315
けんざい	健在	4152
けんしゅう	研修	3545
けんしゅつ	検出	4141
けんしょう	検証	3814
けんじつ	堅実	4258
けんせつ	建設	3686
けんぜん	健全	3557
けんち	検知	4479
けんちく	建築	3505
けんちょ	顕著	3758
けんてい	検定	4342
けんとう	検討	3300
けんない	県内	4241
けんめい	賢明	4244
けんめい	懸命	4250
けんり	権利	4008
けんろう	堅牢	4319
けーき	ケーキ	4122
けーす	ケース	3333
けーぶる	ケーブル	4103
げいじゅつ	芸術	3895
げいにん	芸人	4471
げいのう	芸能	4386
げか	外科	4295
げき	激	4476
げきじょう	劇場	4081
げきてき	劇的	3710
げきやす	激安	4161
げじゅん	下旬	3526
げすと	ゲスト	4101
げっと	ゲット	4229
げつよう	月曜	3914
げつようび	月曜日	3513
げん	元	4451
げんいん	原因	3422
げんえき	現役	4287
げんかい	限界	4178
げんかく	厳格	3847
げんかん	玄関	4297
げんき	元気	2742
げんきゅう	言及	4327
げんきん	現金	4307
げんご	言語	3896
げんさく	原作	4033
げんしょう	減少	3805
げんしょう	現象	3952
げんじつ	現実	3722
げんじゅう	厳重	3973
げんじょう	現状	2813
げんせい	厳正	4454
げんせん	厳選	4173
げんそう	幻想	4446
げんそく	原則	2984
げんだい	現代	3773
げんち	現地	3739
げんてい	限定	3245
げんに	現に	3714
げんば	現場	3537
げんみつ	厳密	3787
げんりょう	原料	4494
げーじ	ゲージ	4373
げーむ	ゲーム	2848
こあ	コア	4433
こい	恋	4055
こいびと	恋人	4271
こいん	コイン	4252
こう	光	4139
こう	口	4275
こう	後	4321
こうい	行為	3459
こううん	幸運	4317
こうえい	光栄	4004
こうえん	公園	3696
こうえん	公演	3791
こうえん	講演	3946
こうか	効果	2979
こうか	高価	3543
こうかい	公開	3150
こうかい	後悔	4080
こうかてき	効果的	4022
こうかん	交換	3163
こうがく	高額	3330
こうきゅう	高級	2875
こうきゅうかん	高級感	3784
こうきょう	公共	4137
こうぎ	講義	4256
こうぎょう	工業	4291
こうくう	航空	4189
こうけん	貢献	3641
こうげき	攻撃	3094
こうこう	高校	3487
こうこうせい	高校生	4129
こうこく	広告	3338
こうさい	交際	4433
こうさく	工作	4347
こうさつ	考察	4125
こうし	講師	3793
こうしき	公式	2474
こうしきさいと	公式サイト	3746
こうしゅう	講習	4224
こうしょう	交渉	4037
こうしん	更新	3233
こうじ	工事	3033
こうじょ	控除	4340
こうじょう	向上	3269
こうじょう	工場	3918
こうせい	構成	3392
こうせい	公正	3717
こうせい	後世	4131
こうせい	厚生	4379
こうせいのう	高性能	3968
こうそう	構想	4485
こうそく	高速	3980
こうぞう	構造	3559
こうたい	交代	4418
こうだい	広大	3670
こうちく	構築	3578
こうちょう	好調	3884
こうつう	交通	3531
こうてい	工程	4184
こうてい	肯定	4398
こうてき	公的	3601
こうとう	高等	3182
こうど	高度	3055
こうどう	行動	3204
こうにゅう	購入	2729
こうはん	後半	2866
こうはん	広範	4148
こうはんい	広範囲	4325
こうひょう	好評	3216
こうひょう	公表	4030
こうひんしつ	高品質	4335
こうふ	交付	4097
こうふく	幸福	3487
こうふん	興奮	4247
こうへい	公平	3824
こうほ	候補	4066
こうほう	広報	4176
こうみつど	高密度	4386
こうみょう	巧妙	4448
こうむいん	公務員	4390
こうもく	項目	3716
こうり	小売	4468
こうりつ	効率	3504
こうりつてき	効率的	4237
こうりゃく	攻略	3833
こうりゅう	交流	3629
こうりょ	考慮	3752
こうれい	高齢	3908
こがいしゃ	子会社	4487
こがた	小型	3223
こがら	小柄	4140
こきゃく	顧客	3766
こきゅう	呼吸	3980
こくさい	国際	3643
こくさん	国産	4455
こくち	告知	4366
こくない	国内	3730
こくはく	告白	4387
こくみん	国民	3977
こくりつ	国立	4244
ここ	個々	4472
ここのか	9日	4157
ここのつ	9つ	4313
こころ	心	3483
こし	腰	4443
こしょう	故障	4085
こじん	個人	3169
こじんじょうほう	個人情報	3180
こじんてき	個人的	3855
こすと	コスト	3720
こすぱ	コスパ	4453
こせい	個性	3976
こそだて	子育て	3813
こたい	個体	4423
こたえ	答え	4259
こだい	古代	4342
こっか	国家	4073
こつ	コツ	4219
こてい	固定	3564
こと	事	3930
ことし	今年	2272
ことしのなつ	今年の夏	4443
ことば	言葉	3162
こどく	孤独	3463
こども	子ども	3228
こども	子供	3260
こどもたち	子どもたち	4239
このあいだ	この間	4019
このうち	この内	4312
このかた	この方	3449
このかん	この間	4284
このごろ	この頃	3648
このさい	この際	3893
このさき	この先	3576
このたび	この度	2977
このほど	この程	4418
このまえ	この前	3878
このみ	好み	4372
こぴー	コピー	3810
こべつ	個別	2908
こべつに	個別に	3370
こまか	細か	3605
こまやか	細やか	4157
こまんど	コマンド	3959
こみかる	コミカル	4281
こみゅにけーしょん	コミュニケーション	3594
こみゅにてぃ	コミュニティ	3932
こめんと	コメント	2956
こもの	小物	4494
こよう	雇用	3913
こらぼ	コラボ	4031
こらぼれーしょん	コラボレーション	4425
これくしょん	コレクション	4060
ころころ	コロコロ	3929
ころな	コロナ	3668
こんか	今夏	4400
こんかい	今回	1705
こんかいのきじ	今回の記事	4000
こんかつ	婚活	4412
こんき	今季	3640
こんきょ	根拠	4407
こんくりーと	コンクリート	4466
こんげつ	今月	3275
こんご	今後	2145
こんごう	混合	4449
こんごのかだい	今後の課題	4500
こんごのてんかい	今後の展開	4281
こんごのてんぼう	今後の展望	4154
こんさるたんと	コンサルタント	4387
こんさるてぃんぐ	コンサルティング	4267
こんさーと	コンサート	4139
こんざつ	混雑	4184
こんしゅう	今週	3156
こんしゅうまつ	今週末	4348
こんせぷと	コンセプト	3976
こんてすと	コンテスト	4447
こんてんつ	コンテンツ	3459
こんとろーる	コントロール	3841
こんど	今度	2991
こんなん	困難	2842
こんねんど	今年度	3475
こんばん	今晩	4472
こんぱくと	コンパクト	3127
こんび	コンビ	4431
こんびに	コンビニ	4238
こんぴゅーた	コンピュータ	4389
こんぼ	コンボ	4385
こんぽう	梱包	4181
こんや	今夜	3613
こんらん	混乱	4195
こーす	コース	3640
こーち	コーチ	4482
こーてぃんぐ	コーティング	4295
こーで	コーデ	4396
こーでぃねーと	コーディネート	4341
こーと	コート	4249
こーど	コード	3587
こーなー	コーナー	4025
こーひー	コーヒー	3887
ごうい	合意	4355
ごういん	強引	3963
ごうか	豪華	3361
ごうかい	豪快	4235
ごうかく	合格	3596
ごうけい	合計	3886
ごうせい	合成	4137
ごうどう	合同	4352
ごうり	合理	4457
ごかい	誤解	4315
ごがつ	5月	2696
ごがつ	五月	3196
ごく	極	3418
ごご	午後	2819
ごしごし	ゴシゴシ	4415
ごじつ	後日	3392
ごぜん	午前	2934
ごぜんちゅう	午前中	3839
ごぞんじ	ご存知	4484
ごはん	ご飯	3760
ごみ	ゴミ	4075
ごむ	ゴム	4303
ごらん	ご覧	3939
ごりかい	ご理解	4377
ごりごり	ゴリゴリ	4330
ごるふ	ゴルフ	3939
ごーじゃす	ゴージャス	4320
ごーる	ゴール	3952
ごーるど	ゴールド	4345
さいあく	最悪	3292
さいかい	再開	4154
さいかい	再会	4459
さいがい	災害	4070
さいきょう	最強	4010
さいきん	最近	2214
さいくる	サイクル	4313
さいげん	再現	3809
さいこう	最高	2314
さいご	最後	1991
さいご	最期	3910
さいごのさいご	最後の最後	4312
さいしゅう	最終	3553
さいしゅうてき	最終的	4078
さいしょ	最初	2105
さいしょうげん	最小限	3762
さいしん	最新	3568
さいしん	細心	4158
さいしんじょうほう	最新情報	4404
さいず	サイズ	3237
さいせい	再生	3547
さいだい	最大	2322
さいだいげん	最大限	3197
さいちゅう	最中	3618
さいてい	最低	3080
さいていげん	最低限	3475
さいてき	最適	2479
さいてきか	最適化	4369
さいと	サイト	3066
さいど	サイド	4030
さいのう	才能	4291
さいはつ	再発	4423
さいばい	栽培	3994
さいばん	裁判	4256
さいふ	財布	4474
さいぼう	細胞	3916
さいよう	採用	3198
さいれんと	サイレント	4190
さいわい	幸い	2917
さいん	サイン	3912
さうな	サウナ	4482
さうんど	サウンド	4274
さかん	盛ん	3747
さき	先	2553
さきに	先に	2454
さきほど	先程	3968
さぎ	詐欺	4068
さぎょう	作業	3086
さくげん	削減	3897
さくさく	サクサク	4444
さくしゃ	作者	4350
さくじつ	昨日	3872
さくじょ	削除	3237
さくせい	作成	3031
さくせん	作戦	4211
さくてい	策定	4296
さくねん	昨年	2738
さくねんど	昨年度	4002
さくねんまつ	昨年末	4478
さくひん	作品	3079
さくや	昨夜	4451
さくら	桜	3989
ささい	些細	3911
さすが	流石	3648
さだか	定か	4371
さだめて	定めて	3602
さっか	作家	4148
さっかー	サッカー	3794
さっきゅう	早急	4458
さっきょく	作曲	4191
さっこん	昨今	3564
さっと	サッと	3673
さつえい	撮影	3079
さつじん	殺人	4305
さてい	査定	4061
さとう	砂糖	4411
さどう	作動	4476
さぶ	サブ	4139
さべつ	差別	4072
さぽーと	サポート	3111
さまざま	様々	2313
さゆう	左右	3749
さよう	作用	3924
さらさら	サラサラ	3992
さらだ	サラダ	4334
さらっと	サラッと	4031
さろん	サロン	4117
さわやか	爽やか	3378
さんか	参加	2880
さんか	酸化	4281
さんかしゃ	参加者	4154
さんがつ	3月	2542
さんがつ	三月	3042
さんぎょう	産業	3614
さんこう	参考	3173
さんご	産後	3670
さんさく	散策	4331
さんざん	散々	4303
さんしゅつ	算出	4355
さんしょう	参照	3500
さんせい	賛成	3547
さんせん	参戦	4408
さんそ	酸素	4431
さんてい	算定	4497
さんぱい	参拝	4408
さんぷる	サンプル	4067
さんぽ	散歩	4074
さーくる	サークル	4318
さーば	サーバ	4400
さーばー	サーバー	4064
さーびす	サービス	2721
ざいこ	在庫	3539
ざいさん	財産	4137
ざいじゅう	在住	4236
ざいせき	在籍	4189
ざいたく	在宅	4299
ざいむ	財務	4408
ざいりょう	材料	3813
ざせき	座席	4435
ざっし	雑誌	4155
ざつ	雑	4007
ざる	ザル	4341
ざんぎょう	残業	3982
ざんこく	残酷	3937
ざんしん	斬新	3913
ざんねん	残念	2737
しあい	試合	3448
しあがり	仕上がり	4479
しあげ	仕上げ	4415
しあわせ	幸せ	2664
しいく	飼育	4287
しいて	強いて	4358
しぇあ	シェア	3875
しえん	支援	3008
しお	塩	4237
しおあじ	塩味	4162
しか	歯科	4108
しか	然	4465
しかく	資格	3629
しかく	視覚	4358
しがつ	4月	2480
しがつ	四月	2980
しき	指揮	4265
しきち	敷地	4384
しきべつ	識別	4240
しきゅう	支給	3915
しきん	資金	3981
しくみ	仕組み	4148
しけん	試験	3342
しげき	刺激	3820
しげん	資源	4168
しこう	思考	3831
しこう	施工	4225
しこう	施行	4289
しご	死後	3898
しごと	仕事	2772
しさ	示唆	4254
しさく	施策	4163
しさん	資産	3895
しじ	指示	3823
しじ	支持	4009
しじゅつ	施術	3711
しじょう	市場	3856
しじょう	史上	4451
しすてむ	システム	3204
しずか	静か	2915
しせい	姿勢	3841
しせつ	施設	3117
しぜん	自然	2216
しぜんかんきょう	自然環境	4491
しぜんさいがい	自然災害	4483
しぜんゆたか	自然豊か	4359
しそう	思想	4284
したて	下手	4089
しだい	次第	2937
しだいに	次第に	3309
しち	質	4353
しちがつ	7月	2662
しちがつ	七月	3162
しちょう	視聴	3652
しちょう	市長	4381
しちょうそん	市町村	4485
しっかん	疾患	3911
しっく	シック	4004
しっこう	執行	4260
しっぱい	失敗	3515
しっぴつ	執筆	3935
しつ	質	4216
しつかん	質感	4433
しつない	室内	4208
しつもん	質問	3061
しつよう	執拗	4416
しつれい	失礼	3869
してぃ	シティ	4463
してい	指定	3160
してき	指摘	3846
してき	私的	3933
してん	視点	3828
しどう	指導	3380
しない	市内	4169
しなりお	シナリオ	4395
しはい	支配	4081
しはらい	支払い	4285
しはらい	支払	4304
しはん	市販	4308
しばらく	暫く	3792
しひょう	指標	4315
しびあ	シビア	4318
しふと	シフト	4175
しほん	資本	4459
しぼう	死亡	3975
しぼう	志望	4183
しぼう	脂肪	4306
しま	島	4431
しみゅれーしょん	シミュレーション	4341
しみん	市民	3985
しめい	氏名	4318
しめい	指名	4371
しゃ	車	3705
しゃいん	社員	3576
しゃかい	社会	3143
しゃけん	車検	4310
しゃざい	謝罪	4497
しゃしん	写真	2906
しゃちょう	社長	3727
しゃっきん	借金	4500
しゃったー	シャッター	4475
しゃつ	シャツ	4469
しゃない	社内	4058
しゃりょう	車両	3766
しゃわー	シャワー	4213
しゃんぷー	シャンプー	4339
しゃーぷ	シャープ	4162
しゅ	種	4471
しゅう	週	4130
しゅうい	周囲	3894
しゅうえき	収益	4187
しゅうかく	収穫	4078
しゅうかつ	就活	4105
しゅうかん	習慣	3992
しゅうきゃく	集客	4445
しゅうきょう	宗教	4284
しゅうぎょう	就業	4446
しゅうけい	集計	4426
しゅうごう	集合	4104
しゅうし	終始	3546
しゅうしゅう	収集	3523
しゅうしょく	就職	3840
しゅうじつ	終日	4316
しゅうせい	修正	3577
しゅうだん	集団	4160
しゅうちゅう	集中	3619
しゅうとく	習得	4111
しゅうにゅう	収入	4047
しゅうにん	就任	4237
しゅうのう	収納	3706
しゅうふく	修復	4348
しゅうへん	周辺	3692
しゅうまつ	週末	3250
しゅうまつ	終末	4264
しゅうり	修理	3638
しゅうりょう	終了	3226
しゅうりょうご	終了後	4452
しゅうろう	就労	4419
しゅうろく	収録	3897
しゅえん	主演	4061
しゅぎ	主義	3976
しゅぎょう	修行	4466
しゅくじつ	祝日	4378
しゅくはく	宿泊	3796
しゅさい	主催	3956
しゅざい	取材	3862
しゅじゅつ	手術	3697
しゅじんこう	主人公	3824
しゅたい	主体	4413
しゅだん	手段	3953
しゅちょう	主張	3930
しゅっか	出荷	4155
しゅっきん	出勤	4337
しゅっけつ	出血	4417
しゅっさん	出産	4042
しゅっしん	出身	3812
しゅっせき	出席	4222
しゅっちょう	出張	4103
しゅってん	出店	4313
しゅってん	出展	4500
しゅっぱつ	出発	3959
しゅっぱん	出版	3939
しゅっぴん	出品	3928
しゅつえん	出演	3426
しゅつげん	出現	3900
しゅつじょう	出場	3745
しゅつだい	出題	4454
しゅつりょく	出力	3764
しゅとく	取得	3248
しゅとして	主として	3794
しゅどう	手動	4369
しゅび	守備	4384
しゅふ	主婦	4406
しゅほう	手法	4054
しゅみ	趣味	3963
しゅやく	主役	4327
しゅよう	主要	2953
しゅりゅう	主流	3626
しゅるい	種類	3421
しゅん	旬	4472
しゅんかん	瞬間	2634
しゅーと	シュート	4487
しゅーる	シュール	4395
しょうか	消化	4254
しょうかい	紹介	2630
しょうかく	昇格	4476
しょうかん	召喚	4053
しょうがい	生涯	3369
しょうがい	障害	3514
しょうがい	障がい	4493
しょうがくせい	小学生	4118
しょうがっこう	小学校	3901
しょうきぼ	小規模	3542
しょうきょ	消去	4481
しょうぎょう	商業	4321
しょうけん	証券	4307
しょうげき	衝撃	3923
しょうこ	証拠	4231
しょうご	正午	4178
しょうさい	詳細	2167
しょうさいじょうほう	詳細情報	4469
しょうじき	正直	2762
しょうじょ	少女	4114
しょうじょう	症状	3637
しょうせつ	小説	4015
しょうたい	招待	4247
しょうちょう	象徴	3962
しょうてん	商店	4304
しょうてん	焦点	4409
しょうとつ	衝突	4434
しょうどく	消毒	4390
しょうにん	承認	3870
しょうねん	少年	4036
しょうひ	消費	3547
しょうひょう	商標	4400
しょうひん	商品	2815
しょうぶ	勝負	4139
しょうぼう	消防	4413
しょうめい	証明	3597
しょうめい	照明	4093
しょうめつ	消滅	4495
しょうめん	正面	4373
しょうゆ	醤油	4350
しょうらい	将来	2617
しょうらいせい	将来性	4344
しょうらいてき	将来的	3543
しょうり	勝利	3828
しょうりゃく	省略	4438
しょうりょう	少量	3614
しょかい	初回	3179
しょき	初期	3744
しょく	食	4136
しょくいん	職員	3727
しょくぎょう	職業	4163
しょくざい	食材	4025
しょくしゅ	職種	4314
しょくじ	食事	3407
しょくどう	食堂	4463
しょくにん	職人	4010
しょくば	職場	3850
しょくひん	食品	3813
しょくぶつ	植物	3825
しょくむ	職務	4481
しょしんしゃ	初心者	3960
しょしんもの	初心者	4453
しょじ	所持	4414
しょじゅん	初旬	4291
しょせき	書籍	4274
しょぞく	所属	3741
しょち	処置	4269
しょっかん	食感	4194
しょっく	ショック	4429
しょっと	ショット	4098
しょっぴんぐ	ショッピング	3958
しょっぷ	ショップ	3766
しょとう	初頭	3977
しょとく	所得	4243
しょにち	初日	4476
しょぶん	処分	3894
しょほう	処方	4385
しょめい	署名	4457
しょゆう	所有	3852
しょり	処理	3283
しょるい	書類	3817
しょー	ショー	4047
しょーと	ショート	4153
しら	白	4266
しりあす	シリアス	4256
しりょう	資料	3665
しりーず	シリーズ	3443
しるえっと	シルエット	4396
しれん	試練	3841
しろ	白	4137
しろうと	素人	4352
しん	心	3549
しんか	進化	3668
しんかんせん	新幹線	4441
しんがい	侵害	4427
しんがく	進学	4106
しんがた	新型	3949
しんき	新規	2714
しんぐる	シングル	4265
しんけい	神経	3996
しんけいしつ	神経質	3724
しんけん	真剣	3308
しんこう	進行	3795
しんこう	信仰	4279
しんこう	振興	4375
しんこく	深刻	3445
しんこく	申告	3925
しんごう	信号	4054
しんさ	審査	3710
しんさく	新作	4090
しんさつ	診察	4265
しんし	真摯	3859
しんしゅつ	進出	4250
しんじつ	真実	4350
しんじん	新人	4297
しんせい	申請	3438
しんせい	神聖	4092
しんせつ	親切	3500
しんせん	新鮮	3163
しんそつ	新卒	4427
しんぞう	心臓	4415
しんたい	身体	3979
しんだん	診断	3572
しんちく	新築	4379
しんちょう	慎重	3257
しんちょう	身長	4361
しんちょく	進捗	4445
しんとう	浸透	4355
しんどう	振動	4264
しんに	真に	4251
しんにゅう	侵入	4299
しんねん	新年	3431
しんぱい	心配	3530
しんぴん	新品	4208
しんぶん	新聞	4160
しんぷる	シンプル	2621
しんみ	親身	4158
しんみつ	親密	4276
しんや	深夜	3321
しんよう	信用	4151
しんらい	信頼	3420
しんらいせい	信頼性	4490
しんり	心理	4097
しんりょう	診療	3744
しーえむ	CM	4219
しーずん	シーズン	3739
しーでぃー	CD	4259
しーと	シート	3627
しーる	シール	4090
しーるど	シールド	4485
しーん	シーン	3535
じかい	次回	2775
じかく	自覚	4404
じかた	地方	4424
じかに	直に	4480
じき	時期	2349
じぎょう	事業	2801
じぎょうしゃ	事業者	4137
じぎょうしょ	事業所	4427
じく	軸	4158
じけん	事件	3696
じこう	事項	3756
じこく	時刻	4381
じごく	地獄	4442
じさく	自作	4398
じさつ	自殺	4348
じさん	持参	4323
じざい	自在	4009
じしん	自信	3891
じじつ	事実	3004
じじつじょう	事実上	3917
じじょう	事情	4051
じせだい	次世代	4494
じぜん	事前	3579
じぞく	持続	3854
じぞくかのう	持続可能	4459
じたい	自体	3685
じたい	事態	4245
じたく	自宅	3725
じだい	時代	3132
じちたい	自治体	4217
じっか	実家	4273
じっかん	実感	3856
じっきょう	実況	4062
じっけん	実験	3786
じっこう	実行	3434
じっさいは	実際は	3156
じっし	実施	3063
じっしつ	実質	3315
じっしつてき	実質的	3883
じっしゅう	実習	4268
じっしょう	実証	4430
じっせき	実績	3797
じっせん	実践	3648
じっそう	実装	3881
じったい	実態	4442
じつげん	実現	3258
じつに	実に	3181
じつむ	実務	4140
じつよう	実用	4126
じつりょく	実力	4168
じてん	時点	3739
じてんしゃ	自転車	3995
じどう	自動	3546
じどう	児童	3970
じどうしゃ	自動車	3851
じどうてき	自動的	3130
じぶん	自分	1351
じぶんたち	自分たち	3398
じぶんたち	自分達	4425
じぶんのいけん	自分の意見	4088
じぶんのいし	自分の意思	4497
じぶんのかんじょう	自分の感情	4457
じぶんのけいけん	自分の経験	4463
じぶんのこえ	自分の声	4331
じぶんのこころ	自分の心	4393
じぶんのこと	自分のこと	3909
じぶんのことば	自分の言葉	4419
じぶんのしごと	自分の仕事	4344
じぶんのじんせい	自分の人生	4060
じぶんのせい	自分のせい	4498
じぶんのちから	自分の力	4284
じぶんのなまえ	自分の名前	4355
じぶんのまえ	自分の前	4427
じまん	自慢	4281
じみ	地味	3553
じみち	地道	4055
じむ	事務	3790
じむ	ジム	4475
じむしょ	事務所	3591
じめん	地面	4461
じもと	地元	3738
じゃあく	邪悪	4427
じゃけっと	ジャケット	4298
じゃすと	ジャスト	4242
じゃっかん	若干	3030
じゃま	邪魔	3480
じゃんく	ジャンク	4103
じゃんぷ	ジャンプ	4118
じゃんる	ジャンル	4097
じゅういちがつ	11月	2682
じゅういちがつ	十一月	3182
じゅうがつ	10月	2633
じゅうがつ	十月	3133
じゅうぎょう	従業	4012
じゅうぎょういん	従業員	4201
じゅうこう	重厚	4075
じゅうし	重視	3714
じゅうしょ	住所	4010
じゅうじ	従事	4152
じゅうじつ	充実	3574
じゅうたく	住宅	3616
じゅうだい	重大	3601
じゅうてんてき	重点的	4296
じゅうでん	充電	3747
じゅうなん	柔軟	2985
じゅうなんせい	柔軟性	3920
じゅうにがつ	12月	2634
じゅうにがつ	十二月	3134
じゅうぶん	十分	2183
じゅうぶん	充分	3712
じゅうみん	住民	4078
じゅうよう	重要	2003
じゅうようせい	重要性	4322
じゅうらい	従来	2850
じゅうりょう	重量	4251
じゅきゅう	受給	4485
じゅぎょう	授業	3496
じゅく	塾	4094
じゅけん	受験	3665
じゅこう	受講	3956
じゅし	樹脂	4466
じゅしょう	受賞	3787
じゅしん	受信	4013
じゅしん	受診	4137
じゅちゅう	受注	4237
じゅつご	術後	3776
じゅみょう	寿命	4402
じゅよう	需要	4084
じゅん	順	4197
じゅんい	順位	4249
じゅんかん	循環	4166
じゅんしゅ	遵守	4214
じゅんすい	純粋	3418
じゅんせい	純正	4174
じゅんちょう	順調	3590
じゅんに	順に	3603
じゅんばん	順番	4259
じゅんび	準備	3297
じゆう	自由	2442
じゆうじざい	自由自在	4353
じゆうど	自由度	4319
じょ	女	4255
じょう	場	4016
じょうい	上位	2996
じょうえい	上映	4304
じょうき	上記	3577
じょうけん	条件	3400
じょうげ	上下	4206
じょうげん	上限	4284
じょうし	上司	4126
じょうしき	常識	4457
じょうしつ	上質	3670
じょうしゃ	乗車	4200
じょうしょう	上昇	3666
じょうじ	常時	3614
じょうじゅん	上旬	3717
じょうじょう	上場	4371
じょうず	上手	3111
じょうたい	状態	2960
じょうと	譲渡	4223
じょうねつ	情熱	4441
じょうひん	上品	3357
じょうぶ	丈夫	3593
じょうぶ	上部	4360
じょうほう	情報	2615
じょうほうていきょう	情報提供	4313
じょうれい	条例	4114
じょがい	除外	4473
じょきょ	除去	4086
じょじょに	徐々に	2812
じょせい	女性	3085
じょせい	助成	4303
じょばん	序盤	4468
じょゆう	女優	4194
じりつ	自立	4270
じりつ	自律	4409
じれい	事例	3862
じんこう	人口	4169
じんこう	人工	4270
じんざい	人材	3843
じんじ	人事	3963
じんじゃ	神社	3846
じんじょう	尋常	4489
じんせい	人生	3448
じんそく	迅速	3116
じんてき	人的	3891
じんぶつ	人物	3803
じんるい	人類	4395
すい	水	3713
すいい	推移	4397
すいこう	遂行	4368
すいしょう	推奨	3889
すいしん	推進	3582
すいじゅん	水準	4384
すいせん	推薦	4241
すいそく	推測	4298
すいちょく	垂直	4252
すいっち	スイッチ	3957
すいてい	推定	4335
すいどう	水道	4418
すいぶん	水分	4131
すいへい	水平	4088
すいみん	睡眠	3967
すいよう	水曜	4128
すいようび	水曜日	3689
すいーつ	スイーツ	4390
すうかい	数回	3587
すうがく	数学	4133
すうじ	数字	3909
すうじつ	数日	3554
すうち	数値	4040
すうりょう	数量	4438
すがた	姿	3369
すき	好き	1964
すき	スキ	4363
すきま	隙間	4377
すきゃん	スキャン	4472
すきる	スキル	3410
すきー	スキー	4322
すくなからず	少なからず	3778
すくなくとも	少なくとも	2738
すくなめ	少なめ	4327
すくりーん	スクリーン	4231
すくろーる	スクロール	4263
すくーる	スクール	4233
すぐ	直ぐ	4248
すけじゅーる	スケジュール	3880
すけーる	スケール	4301
すこあ	スコア	4268
すこしも	少しも	4297
すこやか	健やか	4046
すたいりっしゅ	スタイリッシュ	3640
すたいる	スタイル	3391
すたじお	スタジオ	4202
すたっふ	スタッフ	3416
すたんだーど	スタンダード	4457
すたんど	スタンド	4345
すたんぷ	スタンプ	4115
すたー	スター	4078
すたーと	スタート	3384
すてき	素敵	2640
すてき	ステキ	3907
すてっぷ	ステップ	3760
すてーじ	ステージ	3798
すてーたす	ステータス	4265
すでに	既に	2590
すといっく	ストイック	4423
すとっぷ	ストップ	4375
すとれす	ストレス	2729
すとれっち	ストレッチ	4317
すとれーと	ストレート	4468
すとーりー	ストーリー	3788
すなお	素直	3318
すぱいしー	スパイシー	4351
すぴりちゅある	スピリチュアル	3830
すぴーかー	スピーカー	4380
すぴーでぃー	スピーディー	4159
すぴーど	スピード	3925
すぷれー	スプレー	4411
すべて	全て	2193
すぺしゃる	スペシャル	3252
すぺーす	スペース	3743
すぽっと	スポット	3784
すぽーつ	スポーツ	3440
すぽーてぃ	スポーティ	4299
すまほ	スマホ	3570
すまーと	スマート	3773
すまーとふぉん	スマートフォン	4117
すみやか	速やか	3538
すむーず	スムーズ	2836
すりむ	スリム	3835
すりーでぃー	3D	4203
すれ	スレ	3860
すれんだー	スレンダー	4426
すろっと	スロット	4396
すーつ	スーツ	4379
すーぱー	スーパー	3853
すーぷ	スープ	4003
ずいじ	随時	3301
せいいっぱい	精一杯	3807
せいか	成果	3859
せいかい	正解	4015
せいかく	正確	2713
せいかく	性格	3844
せいかくせい	正確性	4228
せいかつ	生活	2912
せいき	正規	4438
せいきゅう	請求	3537
せいぎょ	制御	3785
せいけい	整形	4329
せいけつ	清潔	3184
せいけつかん	清潔感	3887
せいけん	政権	4469
せいげん	制限	3477
せいこう	成功	3366
せいこう	精巧	4208
せいさく	制作	3405
せいさく	製作	3788
せいさく	政策	3904
せいさん	生産	3375
せいしき	正式	3275
せいしつ	性質	4295
せいしゃいん	正社員	4323
せいしゅん	青春	4380
せいしん	精神	3742
せいじ	政治	3777
せいじつ	誠実	3521
せいじょう	正常	3205
せいじん	成人	4292
せいせい	生成	3604
せいせき	成績	4087
せいぜん	生前	3945
せいそ	清楚	4042
せいそう	清掃	4046
せいそく	生息	4449
せいぞう	製造	3444
せいぞん	生存	4386
せいたい	整体	4461
せいだい	盛大	4201
せいちょう	成長	3122
せいてき	性的	3767
せいてき	静的	4273
せいと	生徒	3604
せいとう	正当	3531
せいど	制度	3456
せいど	精度	4122
せいねん	青年	4485
せいのう	性能	3661
せいひん	製品	3258
せいび	整備	3532
せいふ	政府	3911
せいぶつ	生物	4141
せいぶん	成分	3911
せいべつ	性別	4479
せいみつ	精密	3783
せいめい	生命	4261
せいやく	制約	4427
せいゆう	声優	4139
せいり	整理	3549
せいりつ	成立	4092
せかい	世界	2885
せかいいち	世界一	3709
せかいじゅう	世界中	3011
せき	席	3806
せきにん	責任	3543
せきゅりてぃ	セキュリティ	3689
せくしー	セクシー	3832
せけん	世間	4450
せこう	施工	3949
せこう	施行	4385
せだい	世代	3807
せっかく	折角	4437
せっきゃく	接客	4268
せっきょく	積極	2794
せっきょくてき	積極的	2942
せっくす	セックス	4428
せっけい	設計	3264
せっしゅ	摂取	4066
せっしゅ	接種	4184
せっしょく	接触	4154
せっしょん	セッション	4360
せっち	設置	3283
せっちゃく	接着	4352
せってい	設定	2761
せっと	セット	3244
せっとく	説得	4443
せつじつ	切実	4388
せつぞく	接続	3423
せつだん	切断	4448
せつび	設備	3548
せつめい	説明	2952
せつめいかい	説明会	4470
せつめいしょ	説明書	4411
せつやく	節約	4294
せつりつ	設立	3888
せなか	背中	4209
せみなー	セミナー	3985
せめ	攻め	4391
せりふ	セリフ	4362
せる	セル	4475
せん	線	4301
せんい	繊維	4326
せんきょ	選挙	3956
せんげつ	先月	3729
せんげん	宣言	4070
せんこう	選考	3981
せんこう	先行	4106
せんご	戦後	3464
せんさい	繊細	3342
せんさー	センサー	4281
せんざい	潜在	4331
せんし	戦士	4335
せんしゅ	選手	3387
せんしゅう	先週	3447
せんしゅけん	選手権	4446
せんしゅつ	選出	4463
せんじつ	先日	2833
せんじょう	洗浄	4126
せんす	センス	4393
せんせい	先生	3188
せんそう	戦争	3782
せんたく	選択	2925
せんたく	洗濯	4033
せんたくし	選択肢	3881
せんたん	先端	4456
せんたー	センター	3463
せんてい	選定	4127
せんでん	宣伝	4256
せんとう	戦闘	3678
せんばつ	選抜	4400
せんぱい	先輩	3936
せんめい	鮮明	3873
せんもん	専門	3511
せんもんか	専門家	4038
せんもんてん	専門店	4319
せんよう	専用	3488
せんりゃく	戦略	3676
せんれん	洗練	4267
せーる	セール	4227
ぜい	税	4493
ぜいじゃく	脆弱	4232
ぜいたく	贅沢	3448
ぜったい	絶対	2467
ぜったいてき	絶対的	4126
ぜったいに	絶対に	2575
ぜつだい	絶大	4054
ぜつぼう	絶望	4431
ぜつみょう	絶妙	3454
ぜひ	是非	2856
ぜひさいご	ぜひ最後	3884
ぜひとも	是非とも	4297
ぜろ	ゼロ	4089
ぜんいん	全員	2621
ぜんかい	前回	2768
ぜんかいのきじ	前回の記事	4331
ぜんがく	全額	3625
ぜんこう	前項	4343
ぜんこく	全国	3425
ぜんご	前後	2785
ぜんしん	全身	3107
ぜんじつ	前日	3144
ぜんじゅつ	前述	4417
ぜんたい	全体	2131
ぜんたいぞう	全体像	4474
ぜんたいてき	全体的	3125
ぜんてい	前提	4126
ぜんねん	前年	3517
ぜんねんど	前年度	4175
ぜんはん	前半	3236
ぜんぱん	全般	3309
ぜんぱん	前半	4059
ぜんぱんに	全般に	3754
ぜんぶ	全部	2416
ぜんや	前夜	4391
ぜんりょく	全力	4277
そうかい	爽快	3862
そうき	早期	3219
そうきゅう	早急	4467
そうぎ	葬儀	4355
そうぎょう	創業	3958
そうぐう	遭遇	4367
そうげい	送迎	4467
そうこ	倉庫	4415
そうこう	走行	3851
そうご	相互	4338
そうごう	総合	3503
そうごうてき	総合的	4427
そうさ	操作	3345
そうさ	捜査	4293
そうさく	創作	4237
そうしゅつ	創出	4371
そうしょく	装飾	4238
そうしん	送信	3685
そうじ	掃除	3791
そうぜつ	壮絶	4264
そうぞう	想像	3636
そうぞう	創造	3962
そうぞく	相続	4037
そうだい	壮大	3695
そうだん	相談	2899
そうち	装置	3748
そうちゃく	装着	3834
そうちょう	早朝	3668
そうてい	想定	3889
そうとう	相当	3968
そうにゅう	挿入	4284
そうば	相場	4305
そうび	装備	3563
そうふ	送付	4276
そうりょう	送料	3981
そく	即	4057
そく	足	4195
そくしん	促進	3838
そくじつ	即日	3813
そくてい	測定	3777
そくど	速度	3873
そくめん	側面	4239
そざい	素材	3404
そしき	組織	3376
そしょう	訴訟	4449
そち	措置	3835
そっちょく	率直	3948
そつぎょう	卒業	3576
そと	外	4240
そのあいだ	その間	4021
そのあと	その後	2927
そのかん	その間	3781
そのご	その後	2436
そのとき	その時	2803
そのひ	その日	3224
そふと	ソフト	3955
そふとうぇあ	ソフトウェア	4109
そぼく	素朴	3863
そら	空	4307
そりゅーしょん	ソリューション	4309
そろ	ソロ	4333
そんがい	損害	3999
そんけい	尊敬	4440
そんざい	存在	2991
そんしつ	損失	4333
そんしょう	損傷	4283
そんちょう	尊重	4272
そーす	ソース	3911
ぞうか	増加	3574
ぞくせい	属性	3923
ぞっと	ゾッと	4299
ぞーん	ゾーン	4344
たいいく	体育	4106
たいおう	対応	2732
たいかい	大会	3423
たいかん	体感	4169
たいき	待機	4351
たいきゅう	耐久	3920
たいきゅうせい	耐久性	4340
たいくつ	退屈	4205
たいけい	体型	4480
たいけん	体験	3058
たいこう	対抗	4450
たいさく	対策	3091
たいざい	滞在	3972
たいして	大して	3957
たいしゃ	代謝	4418
たいしょ	対処	3827
たいしょう	対象	3258
たいしょく	退職	3931
たいじゅう	体重	4201
たいせい	体制	3804
たいせい	耐性	4437
たいせつ	大切	2186
たいせん	対戦	4044
たいせん	大戦	4490
たいそう	体操	4450
たいちょう	体調	4085
たいてい	大抵	3755
たいと	タイト	4194
たいとう	対等	4349
たいとる	タイトル	3810
たいど	態度	4099
たいはん	大半	3499
たいふう	台風	4452
たいぷ	タイプ	3309
たいへん	大変	2355
たいへんおせわ	大変お世話	4416
たいへんそう	大変そう	4457
たいほ	逮捕	4132
たいみんぐ	タイミング	3728
たいむ	タイム	3729
たいむりー	タイムリー	4243
たいめん	対面	4302
たいや	タイヤ	3894
たいよう	太陽	4123
たいら	平ら	4046
たいりつ	対立	4481
たいりょう	大量	2894
たいりょく	体力	4157
たいわ	対話	4216
たえず	絶えず	3864
たおる	タオル	4327
たかめ	高め	4413
たがいに	互いに	3284
たくさん	沢山	3013
たくさんあり	沢山あり	4266
たくさんで	たくさん出	4440
たくさんのほう	たくさんの方	4247
たくしー	タクシー	4304
たくみ	巧み	4295
たぐ	タグ	4076
たさい	多彩	3369
たしか	確か	2629
たしゃ	他社	4315
たしゃ	他者	4487
たすう	多数	2617
たすうあり	多数あり	4240
たすく	タスク	4250
たた	多々	3308
たたかい	戦い	4332
ただい	多大	3967
ただしく	正しく	3155
ただちに	直ちに	3487
たちば	立場	4064
たっせい	達成	3584
たっぷ	タップ	3859
たて	縦	4307
たてもの	建物	3727
たにん	他人	4028
たね	種	4477
たのしさ	楽しさ	4462
たのしみ	楽しみ	3975
たび	旅	3504
たふ	タフ	4331
たぶ	タブ	4378
たぶれっと	タブレット	4425
たぶん	多分	2696
たべもの	食べ物	4174
たぼう	多忙	4187
たまご	卵	4330
たましい	魂	4166
たよう	多様	2700
たようせい	多様性	4022
たれんと	タレント	4486
たんい	単位	4023
たんか	単価	4467
たんき	短期	4456
たんく	タンク	4318
たんご	単語	4251
たんさく	探索	4176
たんしゅく	短縮	4203
たんじかん	短時間	3364
たんじゅん	単純	3078
たんじょう	誕生	3581
たんたい	単体	4475
たんたんと	淡々と	3770
たんてい	探偵	4360
たんてき	端的	4306
たんとう	担当	3175
たんどく	単独	3387
たんに	単に	2851
たんのう	堪能	4231
たんぱつ	単発	4009
たんまつ	端末	4139
たーげっと	ターゲット	4074
たーん	ターン	3780
だいいち	第一	4300
だいえっと	ダイエット	4117
だいがく	大学	3317
だいがくいん	大学院	4443
だいがくせい	大学生	4438
だいきらい	大嫌い	4268
だいこう	代行	4225
だいさんしゃ	第三者	3814
だいじ	大事	2796
だいじょうぶ	大丈夫	2588
だいじん	大臣	4277
だいすき	大好き	2587
だいすきです	大好きです	3678
だいたい	大体	3234
だいたい	代替	4380
だいたん	大胆	3678
だいだい	代々	4205
だいとうりょう	大統領	4355
だいなし	台無し	4211
だいなみっく	ダイナミック	3827
だいにんき	大人気	3288
だいひょう	代表	3185
だいぶ	大分	4481
だいり	代理	4497
だいれくと	ダイレクト	3944
だうん	ダウン	3897
だうんろーど	ダウンロード	3546
だっしゅつ	脱出	4409
だつもう	脱毛	4334
だとう	妥当	3792
だぶる	ダブル	4140
だむ	ダム	4207
だめ	駄目	3758
だめ	ダメ	4254
だめーじ	ダメージ	3554
だれか	誰か	3435
だれしも	誰しも	4222
だんかい	段階	3691
だんし	男子	4151
だんじょ	男女	4258
だんす	ダンス	3935
だんせい	男性	3460
だんぜん	断然	3737
だんたい	団体	3737
だんだんと	段々と	4137
だんな	旦那	4297
ちいき	地域	3051
ちいさめ	小さめ	3814
ちぇっく	チェック	3182
ちぇーん	チェーン	4155
ちえん	遅延	4296
ちか	地下	4384
ちかく	近く	2363
ちかぢか	近々	4165
ちかてつ	地下鉄	4460
ちから	力	3730
ちからぶそく	力不足	4457
ちきゅう	地球	3982
ちく	地区	3944
ちくせき	蓄積	4273
ちくちく	チクチク	4401
ちけっと	チケット	3794
ちけん	知見	4408
ちしき	知識	3507
ちじょう	地上	4404
ちず	地図	3996
ちち	父	3877
ちちおや	父親	4188
ちっぷ	チップ	4416
ちてき	知的	4411
ちてん	地点	4445
ちほう	地方	3849
ちみつ	緻密	4063
ちゃ	茶	4414
ちゃくじつ	着実	3754
ちゃくちゃくと	着々と	4216
ちゃくよう	着用	3809
ちゃっと	チャット	4196
ちゃれんじ	チャレンジ	3830
ちゃんす	チャンス	2906
ちゃんねる	チャンネル	4055
ちゃーじ	チャージ	4397
ちゅう	中	4481
ちゅうい	注意	2988
ちゅういじこう	注意事項	4468
ちゅういてん	注意点	4434
ちゅうおう	中央	3773
ちゅうがく	中学	4117
ちゅうがくせい	中学生	4247
ちゅうがっこう	中学校	4174
ちゅうけい	中継	4471
ちゅうこ	中古	4326
ちゅうし	中止	3924
ちゅうしゃ	駐車	3986
ちゅうしゃ	注射	4482
ちゅうしゃじょう	駐車場	4037
ちゅうしゅつ	抽出	4224
ちゅうしょう	中小	4332
ちゅうしん	中心	3329
ちゅうじつ	忠実	3747
ちゅうじゅん	中旬	3543
ちゅうせん	抽選	4052
ちゅうだん	中断	4494
ちゅうとはんぱ	中途半端	3877
ちゅうばん	中盤	3662
ちゅうもく	注目	3347
ちゅうもん	注文	3329
ちょう	朝	2920
ちょう	町	4357
ちょうき	長期	3848
ちょうきかん	長期間	3567
ちょうきょり	長距離	3662
ちょうこく	彫刻	4500
ちょうさ	調査	3180
ちょうし	調子	4322
ちょうしゅう	徴収	4494
ちょうしょく	朝食	4080
ちょうじかん	長時間	3108
ちょうせい	調整	3220
ちょうせつ	調節	4251
ちょうせん	挑戦	3476
ちょうたつ	調達	4207
ちょうど	丁度	3640
ちょうり	調理	3893
ちょうわ	調和	4344
ちょくご	直後	3045
ちょくせつ	直接	2480
ちょくせつてき	直接的	3728
ちょくぜん	直前	4247
ちょくめん	直面	4376
ちょこ	チョコ	4381
ちょこれーと	チョコレート	4328
ちょさく	著作	3910
ちょしゃ	著者	4337
ちょっかん	直感	4348
ちょっけつ	直結	4365
ちょめい	著名	3756
ちら	チラ	4378
ちりょう	治療	3137
ちんたい	賃貸	4366
ちーず	チーズ	4179
ちーむ	チーム	3269
つあー	ツアー	3695
ついか	追加	3037
ついき	追記	4455
ついきゅう	追求	4118
ついさいきん	つい最近	4434
ついせき	追跡	4368
ついたち	1日	3411
ついたち	一日	4234
ついに	遂に	3620
ついーと	ツイート	4445
つうか	通過	4112
つうか	通貨	4387
つうがく	通学	4429
つうきん	通勤	4086
つうしん	通信	3583
つうじょう	通常	2357
つうち	通知	3570
つうはん	通販	4137
つうほう	通報	4407
つうわ	通話	4384
つかいかた	使い方	3836
つきごろ	月頃	4412
つぎ	次	2021
つぎつぎと	次々と	3218
つぎつぎに	次々に	3713
つぎに	次に	2687
つぎのきじ	次の記事	4395
つぎのてじゅん	次の手順	4467
つくりかた	作り方	4099
つごう	都合	4127
つち	土	4202
つづき	続き	4417
つとめて	努めて	3044
つねに	常に	2283
つぼ	ツボ	3831
つま	妻	3864
つむり	頭	4494
つめ	爪	4335
つよき	強気	4230
つよみ	強み	4006
つよめ	強め	3875
つり	釣り	4319
つるつる	ツルツル	4201
つーる	ツール	3690
てあて	手当	3957
てぃーしゃつ	Tシャツ	4328
てい	体	3868
ていあん	提案	3413
ていか	低下	3730
ていき	定期	2576
ていきてき	定期的	2885
ていきょう	提供	2766
ていぎ	定義	3759
ていけい	提携	4185
ていけつ	締結	4247
ていげん	低減	4451
ていこく	帝国	4498
ていし	停止	3623
ていしゅつ	提出	3632
ていじ	提示	3954
ていせい	訂正	4117
ていちゃく	定着	4241
ていど	程度	3942
ていねい	丁寧	2571
ていばん	定番	4110
ていれ	手入れ	4153
てがみ	手紙	4254
てがる	手軽	3128
てき	敵	3733
てきおう	適応	4207
てきかく	的確	3568
てきぎ	適宜	3695
てきごう	適合	4277
てきすと	テキスト	3995
てきせい	適正	3162
てきせつ	適切	2503
てきとう	適当	3257
てきど	適度	3486
てきよう	適用	3512
てくにかる	テクニカル	4156
てくにっく	テクニック	4404
てくのろじー	テクノロジー	4346
てごろ	手頃	3773
てじゅん	手順	3904
てすうりょう	手数料	4198
てすと	テスト	3508
てちょう	手帳	4435
てってい	徹底	3794
てっていてき	徹底的	3496
てつ	鉄	4279
てつがく	哲学	4284
てつづき	手続き	3630
てつづき	手続	4349
てつどう	鉄道	3990
てづくり	手作り	4195
てにす	テニス	4370
てはい	手配	4453
てま	手間	3080
てまえ	手前	4337
てもち	手持ち	4485
てもと	手元	4439
てら	寺	4301
てれび	テレビ	3607
てれび	TV	4203
てん	天	4357
てん	点	4449
てんいん	店員	4291
てんか	添加	4331
てんかい	展開	3215
てんかん	転換	4201
てんき	天気	4099
てんぐ	天狗	4227
てんけん	点検	4025
てんこう	天候	4493
てんさい	転載	4397
てんさい	天才	4476
てんしょく	転職	3510
てんしょん	テンション	4489
てんじ	展示	3509
てんじょう	天井	4295
てんすう	点数	4454
てんそう	転送	4342
てんちょう	店長	4390
てんとう	店頭	4214
てんとう	点灯	4358
てんない	店内	4152
てんねん	天然	4119
てんぷ	添付	4221
てんぷれーと	テンプレート	4412
てんぼう	展望	4032
てんぽ	店舗	3392
てーぶる	テーブル	3956
てーぷ	テープ	4247
てーま	テーマ	3421
であい	出会い	4356
でぃすく	ディスク	4408
でぃすぷれい	ディスプレイ	4171
でいりー	デイリー	3905
できごと	出来事	4166
でざいなー	デザイナー	4426
でざいん	デザイン	2924
でじたる	デジタル	3802
ですく	デスク	4310
でっき	デッキ	4013
でばいす	デバイス	3904
でびゅー	デビュー	3827
でふぉると	デフォルト	4379
でぶ	デブ	4187
でべろっぱー	デベロッパー	4392
でめりっと	デメリット	4127
でりけーと	デリケート	4117
でんき	電気	3751
でんげん	電源	3875
でんし	電子	3712
でんしゃ	電車	3993
でんせつ	伝説	4095
でんち	電池	4248
でんとう	伝統	3867
でんどう	電動	4466
でんりょく	電力	4153
でんわ	電話	3146
でんわばんごう	電話番号	4356
でーた	データ	2953
でーたべーす	データベース	4279
でーと	デート	4206
とい	問	4482
といあわせ	問い合わせ	4151
といれ	トイレ	3901
とう	等	4388
とういつ	統一	4086
とういん	当院	4218
とうがい	当該	3432
とうき	登記	4317
とうき	冬期	4412
とうけい	統計	4096
とうこう	投稿	3065
とうこう	登校	4407
とうごう	統合	3948
とうさい	搭載	3727
とうし	投資	3355
とうしゃ	当社	3284
とうしゅ	投手	4440
とうしょ	当初	2977
とうじ	当時	2364
とうじつ	当日	2591
とうじょう	登場	3093
とうせん	当選	4125
とうたつ	到達	4227
とうちゃく	到着	3654
とうてい	到底	3917
とうてん	当店	3973
とうとう	等々	4150
とうとつ	唐突	4281
とうにゅう	投入	4260
とうひょう	投票	3822
とうぶん	当分	4247
とうめい	透明	2999
とうめいかん	透明感	3994
とうめいせい	透明性	4292
とうめん	当面	4022
とうよ	投与	4089
とうろく	登録	2986
とおか	10日	4243
とおく	遠く	3415
とおり	通り	3807
ときおり	時折	3899
ときとして	時として	4369
ときどき	時々	2943
ときに	時に	3221
ときには	時には	3348
とく	得	3347
とくい	得意	2891
とくい	特異	4106
とくしゅ	特殊	2840
とくしゅう	特集	4144
とくせい	特性	3899
とくだん	特段	4364
とくちょう	特徴	3228
とくてい	特定	3264
とくてん	特典	3833
とくてん	得点	4244
とくに	特に	1619
とくべつ	特別	2336
とくべつかん	特別感	4484
とくめい	匿名	4495
とくゆう	特有	4419
とけい	時計	4331
とこ	床	4405
とざん	登山	4081
とし	都市	3738
としあけ	年明け	4156
としょかん	図書館	4257
とそう	塗装	3723
とち	土地	3913
とちゅう	途中	2599
とっか	特化	4002
とっきょ	特許	4358
とっぱ	突破	4128
とっぷ	トップ	3716
とつじょとして	突如として	4427
とつにゅう	突入	4422
とどうふけん	都道府県	4284
とない	都内	4454
となり	隣	4134
とびら	扉	4268
とほ	徒歩	3557
とまと	トマト	4325
ともだち	友達	3712
ともに	共に	2238
とらっく	トラック	4162
とらぶる	トラブル	3809
とらんぷ	トランプ	4294
とり	鳥	4175
とりあえず	取り敢えず	4182
とりあつかい	取り扱い	4123
とりあつかい	取扱	4266
とりあつかい	取扱い	4406
とりくみ	取り組み	4138
とりしまりやく	取締役	4150
とりつけ	取り付け	4420
とりつけ	取付	4425
とりひき	取引	3427
とれんど	トレンド	4190
とれーにんぐ	トレーニング	3769
とろ	トロ	4351
とわ	永遠	4039
とんねる	トンネル	4487
とーく	トーク	3947
どあ	ドア	3978
どうい	同意	3642
どういつ	同一	3546
どうが	動画	3208
どうき	同期	3261
どうぐ	道具	4165
どうげつ	同月	4332
どうこう	動向	4386
どうさ	動作	3609
どうし	同士	3957
どうしゃ	同社	4222
どうじ	同時	4315
どうじつ	同日	3701
どうじに	同時に	2290
どうちゅう	道中	3808
どうてき	動的	3938
どうとう	同等	4118
どうにゅう	導入	3313
どうねん	同年	3634
どうぶつ	動物	3692
どうよう	同様	2607
どうりょう	同僚	4490
どうろ	道路	3825
どきっと	ドキッと	4389
どきどき	ドキドキ	4338
どきゅめんと	ドキュメント	4403
どく	毒	4487
どくしゃ	読者	4148
どくしょ	読書	4237
どくじ	独自	2736
どくとく	独特	3136
どくりつ	独立	3885
どけい	時計	4433
どにち	土日	4492
どにちしゅく	土日祝	3870
どめいん	ドメイン	4454
どよう	土曜	3695
どようび	土曜日	3353
どらいばー	ドライバー	4117
どらいぶ	ドライブ	3881
どらごん	ドラゴン	4329
どらま	ドラマ	3598
どらまちっく	ドラマチック	4406
どりょく	努力	3673
どりんく	ドリンク	4317
どれす	ドレス	4405
どろっぷ	ドロップ	4170
どろどろ	ドロドロ	4446
ないす	ナイス	3980
ないそう	内装	4194
ないぞう	内蔵	4460
ないてい	内定	4329
ないぶ	内部	3898
ないよう	内容	2901
なお	尚	4437
なおさら	尚更	4240
なか	中	4159
なか	仲	4464
なかでも	中でも	3333
なかなか	中々	3378
なかには	中には	3273
なかば	半ば	3608
なかま	仲間	3698
なかみ	中身	4176
なかよく	仲良く	3105
ながさ	長さ	4040
ながなが	長々	3986
ながねん	長年	3103
ながめ	長め	4351
ながらく	長らく	3788
ながれ	流れ	3902
なごやか	和やか	4330
なぜか	何故か	3360
なぞ	謎	4031
なちゅらる	ナチュラル	4498
なっとく	納得	3828
なつ	夏	3579
なつやすみ	夏休み	3293
ななし	名無し	3292
ななつ	7つ	3744
ななつ	七つ	4379
なにかしら	何かしら	3755
なにかと	何かと	3554
なにしろ	何しろ	4302
なにとぞ	何卒	3163
なにひとつ	何一つ	4161
なにもかも	何もかも	4075
なにやら	何やら	3892
なべ	鍋	4202
なべて	並べて	4458
なま	生	4141
なまえ	名前	3294
なみ	波	4329
なみだ	涙	4109
なめらか	滑らか	3567
なやみ	悩み	4196
なり	形	4001
なんいど	難易度	4179
なんかい	何回	3479
なんかい	難解	4330
なんだか	何だか	3657
なんで	何で	3272
なんと	何と	3636
なんとか	何とか	2977
なんとなく	何となく	3482
なんとも	何とも	3541
なんど	何度	4480
なんなく	難なく	4257
なんねん	何年	3375
なんばー	ナンバー	4228
なんら	何ら	4027
にがつ	2月	2726
にがつ	二月	3226
にがて	苦手	2840
にぎやか	賑やか	3934
にく	肉	3930
にくあつ	肉厚	4265
にし	西	4225
にち	日	4351
にちじ	日時	4420
にちじょう	日常	2471
にちじょうてき	日常的	3565
にちよう	日曜	3536
にちようび	日曜日	3304
にっき	日記	4257
にってい	日程	4225
にどと	二度と	3343
にほんご	日本語	3793
にほんじん	日本人	3843
にもつ	荷物	4095
にゅういん	入院	4106
にゅうか	入荷	4023
にゅうかい	入会	4318
にゅうがく	入学	3953
にゅうきょ	入居	4283
にゅうきん	入金	4348
にゅうさつ	入札	4404
にゅうし	入試	4118
にゅうしゃ	入社	3707
にゅうしゅ	入手	3573
にゅうじょう	入場	3894
にゅうよく	入浴	4373
にゅうりょく	入力	3235
にゅー	ニュー	3420
にゅー	NEW	4317
にゅー	New	4451
にゅーす	ニュース	3891
にわ	庭	4286
にん	人	2828
にんい	任意	4309
にんき	人気	2187
にんぎょう	人形	4499
にんげん	人間	3245
にんしき	認識	3588
にんしょう	認証	3855
にんしん	妊娠	3921
にんずう	人数	4009
にんち	認知	3862
にんてい	認定	3690
にんむ	任務	4500
にーず	ニーズ	3946
ぬし	主	4119
ねがてぃぶ	ネガティブ	3562
ねこ	猫	3678
ねじ	ネジ	4458
ねた	ネタ	3880
ねだん	値段	3920
ねっしん	熱心	3650
ねっと	ネット	3405
ねっとわーく	ネットワーク	3871
ねつ	熱	4057
ねんかん	年間	4067
ねんきん	年金	4140
ねんしゅう	年収	4137
ねんじゅう	年中	4049
ねんど	年度	4216
ねんねん	年々	3752
ねんまつ	年末	3360
ねんまつねんし	年末年始	4329
ねんりょう	燃料	4300
ねんれい	年齢	3656
のう	脳	3931
のうか	農家	4340
のうぎょう	農業	3924
のうこう	濃厚	3169
のうしゃ	納車	4499
のうぜい	納税	4265
のうど	濃度	4417
のうはう	ノウハウ	4369
のうみつ	濃密	4249
のうりょく	能力	3446
のこり	残り	4277
のち	後	4296
のちに	後に	2086
のちほど	後ほど	3959
のみもの	飲み物	4485
のりのり	ノリノリ	4486
のー	ノー	4491
のーと	ノート	3928
のーまる	ノーマル	3418
はあく	把握	3677
はい	ハイ	3083
はいき	廃棄	4114
はいけい	背景	3724
はいごう	配合	4192
はいし	廃止	4201
はいしゅつ	排出	4165
はいしん	配信	3278
はいじょ	排除	4418
はいすい	排水	4344
はいせん	配線	4239
はいそう	配送	3822
はいたつ	配達	4369
はいち	配置	3645
はいとう	配当	4499
はいふ	配布	3929
はいゆう	俳優	3858
はいりょ	配慮	3859
はいれつ	配列	4452
はうす	ハウス	4165
はかい	破壊	3823
はくぶつかん	博物館	4313
はくりょく	迫力	4476
はけん	派遣	3958
はこ	箱	4183
はし	橋	4455
はしら	柱	4441
はじめ	初め	3122
はじめ	始め	3708
はじめて	初めて	1909
はじめて	始めて	2608
はずかしながら	恥ずかしながら	4445
はずれ	外れ	4481
はそん	破損	4221
はたして	果たして	3248
はだ	肌	3641
はちがつ	8月	2690
はちがつ	八月	3190
はっき	発揮	3801
はっけん	発見	3533
はっこう	発行	3712
はっこう	発酵	4360
はっしょう	発症	4294
はっしん	発信	3652
はっせい	発生	3096
はっそう	発送	3482
はっそう	発想	4278
はったつ	発達	4011
はっちゅう	発注	4396
はってん	発展	3729
はっぴょう	発表	3171
はっぴー	ハッピー	4078
はつおん	発音	4309
はつげん	発言	3905
はつでん	発電	4174
はつどう	発動	3835
はつねつ	発熱	4491
はつばい	発売	3379
はつめい	発明	4392
はで	派手	3475
はな	花	3424
はな	鼻	4268
はなび	花火	4226
はなやか	華やか	3340
はは	母	3783
ははおや	母親	4098
はば	幅	3915
はや	早	4145
はやくから	早くから	3919
はら	腹	4485
はる	春	2652
はるか	遥か	4000
はるかに	遥かに	3827
はるさき	春先	4348
はんい	範囲	3350
はんえい	反映	3901
はんがく	半額	4355
はんきょう	反響	4477
はんけつ	判決	4493
はんざい	犯罪	4037
はんざつ	煩雑	4442
はんしゃ	反射	4263
はんしょく	繁殖	4461
はんせい	反省	4357
はんたい	反対	3912
はんだん	判断	3258
はんてい	判定	4036
はんとし	半年	3202
はんどる	ハンドル	4348
はんのう	反応	3502
はんばい	販売	2945
はんぱ	半端	4479
はんぶん	半分	2900
はんめい	判明	4204
はんめん	反面	4276
はんよう	汎用	4467
はーど	ハード	3477
ばいきゃく	売却	4055
ばいく	バイク	3939
ばいしょう	賠償	4408
ばいと	バイト	4092
ばいばい	売買	4308
ばか	馬鹿	3664
ばか	バカ	4018
ばくだい	莫大	4315
ばくはつ	爆発	4065
ばぐ	バグ	4454
ばしょ	場所	2996
ばす	バス	3556
ばたばた	バタバタ	4016
ばたー	バター	4494
ばっく	バック	3715
ばっくあっぷ	バックアップ	4216
ばっぐ	バッグ	3986
ばっさり	バッサリ	4416
ばってりー	バッテリー	4046
ばつぐん	抜群	3762
ばとる	バトル	3927
ばぶる	バブル	3796
ばめん	場面	3855
ばら	バラ	4333
ばらんす	バランス	3427
ばりえーしょん	バリエーション	4436
ばん	晩	4302
ばんぐみ	番組	3404
ばんごう	番号	3583
ばんぜん	万全	3796
ばんど	バンド	3800
ばんねん	晩年	4087
ばんばん	バンバン	4098
ばー	バー	4066
ばーじょん	バージョン	3970
ぱくぱく	パクパク	4464
ぱす	パス	3894
ぱすわーど	パスワード	4104
ぱそこん	パソコン	3693
ぱたーん	パターン	3870
ぱちんこ	パチンコ	4453
ぱっく	パック	3942
ぱっけーじ	パッケージ	3864
ぱねる	パネル	4046
ぱぱ	パパ	4379
ぱふぉーまんす	パフォーマンス	3743
ぱらぱら	パラパラ	4191
ぱわふる	パワフル	4142
ぱわー	パワー	3900
ぱん	パン	3765
ぱんつ	パンツ	4320
ぱんぱん	パンパン	4263
ぱーく	パーク	4396
ぱーつ	パーツ	3852
ぱーてぃ	パーティ	4176
ぱーてぃー	パーティー	4148
ぱーと	パート	4123
ぱーとなー	パートナー	4064
ぱーま	パーマ	4445
ひかえめ	控えめ	3615
ひかく	比較	3374
ひかくてき	比較的	2566
ひかり	光	3900
ひがい	被害	3911
ひがし	東	4312
ひきつずき	引き続き	4025
ひきつづき	引き続き	2874
ひこう	飛行	4270
ひこうき	飛行機	4350
ひこうしき	非公式	4294
ひごろ	日頃	3347
ひさしぶり	久しぶり	4157
ひさん	悲惨	4062
ひざ	膝	4370
ひじょう	非常	2246
ひそか	密か	4139
ひたい	額	4285
ひだり	左	3710
ひっけん	必見	4433
ひっさつ	必殺	4415
ひっし	必死	3290
ひっし	必至	4246
ひっしゃ	筆者	4303
ひっす	必須	2769
ひっすこうもく	必須項目	4237
ひっと	ヒット	3913
ひつよう	必要	1464
ひつようあり	必要あり	3969
ひつようしょるい	必要書類	4471
ひつようじこう	必要事項	3922
ひつようせい	必要性	4438
ひつようふかけつ	必要不可欠	4056
ひづけ	日付	4406
ひてい	否定	4016
ひと	人	2589
ひといちばい	人一倍	4372
ひとくち	一口	3953
ひとけ	人気	2936
ひとこと	一言	4265
ひとたち	人たち	3807
ひとたび	一度	3276
ひとつ	一つ	2130
ひとつ	1つ	2427
ひとつつ	1つつ	3847
ひととおり	一通り	3894
ひととき	一時	3552
ひとばん	一晩	4057
ひとびと	人々	3611
ひとめ	一目	4363
ひとり	一人	3453
ひとりひとり	一人ひとり	4441
ひなん	避難	4111
ひにく	皮肉	4006
ひにひに	日に日に	4204
ひはん	批判	4033
ひはんてき	批判的	4346
ひび	日々	2507
ひびのせいかつ	日々の生活	4282
ひふ	皮膚	4195
ひま	暇	4211
ひまな	暇な	4407
ひみつ	秘密	4110
ひめ	姫	4424
ひょう	票	3760
ひょうか	評価	2917
ひょうき	表記	3905
ひょうげん	表現	3207
ひょうしょう	表彰	4330
ひょうじ	表示	2785
ひょうじゅん	標準	2861
ひょうじゅんてき	標準的	4107
ひょうじょう	表情	3949
ひょうばん	評判	3938
ひょうめん	表面	3910
ひよう	費用	3604
ひりつ	比率	4479
ひる	昼	3298
ひるすぎ	昼過ぎ	4467
ひるま	昼間	3566
ひろう	披露	3958
ひろう	疲労	4293
ひろば	広場	4290
ひんしつ	品質	3611
ひんしゅ	品種	4341
ひんと	ヒント	3981
ひんど	頻度	4167
ひんぱん	頻繁	3258
ひーろー	ヒーロー	4420
びさい	微細	4139
びじねす	ビジネス	3394
びじゅある	ビジュアル	3459
びじゅつ	美術	4325
びじゅつかん	美術館	4250
びじょん	ビジョン	4436
びじん	美人	4379
びたみん	ビタミン	4383
びっくり	ビックリ	4473
びっと	ビット	4465
びでお	ビデオ	3994
びみ	美味	4144
びみょう	微妙	3240
びょういん	病院	3558
びょうき	病気	3723
びょうしゃ	描写	4175
びょうどう	平等	3807
びよう	美容	3661
びる	ビル	4108
びんかん	敏感	3543
びんぼう	貧乏	4125
びーる	ビール	4184
ぴあの	ピアノ	3960
ぴかぴか	ピカピカ	4063
ぴっくあっぷ	ピックアップ	4303
ぴゅあ	ピュア	4206
ぴりから	ピリ辛	4358
ぴん	ピン	4485
ぴんく	ピンク	3142
ぴんと	ピンと	3984
ぴーあーる	PR	4135
ぴーく	ピーク	3535
ぴーす	ピース	4453
ふぁいる	ファイル	3253
ふぁっしょん	ファッション	4046
ふぁみりー	ファミリー	4479
ふぁん	ファン	3418
ふあん	不安	2440
ふあんてい	不安定	3418
ふぃぎゅあ	フィギュア	4478
ふぃっと	フィット	4199
ふぃるたー	フィルター	4167
ふぃるむ	フィルム	4367
ふぃーどばっく	フィードバック	4295
ふぃーるど	フィールド	4112
ふうけい	風景	4063
ふうふ	夫婦	4238
ふうみ	風味	3989
ふぉと	フォト	4436
ふぉろー	フォロー	3804
ふぉーまっと	フォーマット	4457
ふぉーまる	フォーマル	4066
ふぉーむ	フォーム	3847
ふおん	不穏	4428
ふか	負荷	4240
ふかい	不快	3426
ふかいかん	不快感	4231
ふかけつ	不可欠	3218
ふかのう	不可能	3299
ふかんぜん	不完全	4172
ふきそく	不規則	4357
ふきゅう	普及	4036
ふきん	付近	4091
ふく	服	4066
ふくぎょう	副業	4255
ふくげん	復元	4401
ふくごう	複合	4337
ふくざつ	複雑	2883
ふくし	福祉	3871
ふくすう	複数	2368
ふくそう	服装	4157
ふくよう	服用	4443
ふぐあい	不具合	3181
ふこう	不幸	3749
ふこうへい	不公平	4433
ふしぎ	不思議	2919
ふしぜん	不自然	3867
ふしん	不審	3876
ふしん	不振	4187
ふじゅうぶん	不十分	3689
ふじゆう	不自由	4018
ふせい	不正	3092
ふそく	不足	4106
ふぞく	付属	3951
ふた	蓋	4495
ふたつ	2つ	2487
ふたつ	二つ	3122
ふたつつ	2つつ	4071
ふたり	二人	3731
ふたん	負担	3473
ふだん	普段	2575
ふちょう	不調	3536
ふっかつ	復活	3927
ふっき	復帰	4112
ふっきゅう	復旧	4497
ふっく	フック	4472
ふっこう	復興	4493
ふっと	フット	4386
ふつう	普通	2314
ふつか	2日	3848
ふてきせつ	不適切	3705
ふとう	不当	3845
ふとうめい	不透明	4130
ふどうさん	不動産	3936
ふなれ	不慣れ	4444
ふのう	不能	3578
ふふく	不服	4470
ふべん	不便	3682
ふまん	不満	4244
ふみ	文	4497
ふむき	不向き	4321
ふめい	不明	2790
ふゆ	冬	2609
ふよ	付与	3962
ふよう	不要	2815
ふらい	フライ	4479
ふらっと	フラット	3558
ふらふら	フラフラ	4476
ふり	不利	3742
ふりょう	不良	3742
ふりん	不倫	4435
ふりー	フリー	3947
ふる	フル	3075
ふるって	奮って	4395
ふるーつ	フルーツ	4379
ふるーてぃー	フルーティー	4432
ふれっしゅ	フレッシュ	3758
ふれーむ	フレーム	4026
ふろんと	フロント	4065
ふろー	フロー	4353
ふん	分	4468
ふんいき	雰囲気	3454
ふんしつ	紛失	4413
ふーど	フード	4180
ぶい	部位	4378
ぶかつ	部活	4415
ぶき	武器	3608
ぶきみ	不気味	3983
ぶきよう	不器用	4122
ぶしょ	部署	4316
ぶじ	無事	3032
ぶた	豚	4342
ぶたい	舞台	3577
ぶたい	部隊	4391
ぶちょう	部長	4450
ぶっく	ブック	4195
ぶっけん	物件	4041
ぶっしつ	物質	4112
ぶつり	物理	3904
ぶつりゅう	物流	4298
ぶなん	無難	3843
ぶひん	部品	3912
ぶぶん	部分	3115
ぶもん	部門	3940
ぶらうざ	ブラウザ	4230
ぶらし	ブラシ	4408
ぶらっく	ブラック	4026
ぶらんど	ブランド	3513
ぶる	ブル	4424
ぶるー	ブルー	3364
ぶるーの	ブルーの	4296
ぶれーき	ブレーキ	4118
ぶろぐ	ブログ	3222
ぶろっく	ブロック	3692
ぶん	分	4334
ぶんか	文化	3255
ぶんかい	分解	4050
ぶんかつ	分割	4120
ぶんがく	文学	4256
ぶんき	分岐	4440
ぶんさん	分散	4297
ぶんしょう	文章	3931
ぶんせき	分析	3365
ぶんぷ	分布	4283
ぶんや	分野	3701
ぶんり	分離	4277
ぶんるい	分類	3958
ぶーす	ブース	4487
ぷらいばしー	プライバシー	4346
ぷらいばしーぽりしー	プライバシーポリシー	4461
ぷらいべーと	プライベート	4035
ぷらぐ	プラグ	4409
ぷらす	プラス	3844
ぷらすちっく	プラスチック	4340
ぷらっとふぉーむ	プラットフォーム	4124
ぷらん	プラン	3577
ぷらんと	プラント	4392
ぷりんと	プリント	4061
ぷれい	プレイ	3508
ぷれいやー	プレイヤー	3677
ぷれす	プレス	4407
ぷれぜんと	プレゼント	3641
ぷれみあむ	プレミアム	4336
ぷれー	プレー	3982
ぷれーと	プレート	4338
ぷろ	プロ	3586
ぷろぐらみんぐ	プログラミング	4213
ぷろぐらむ	プログラム	3517
ぷろじぇくと	プロジェクト	3424
ぷろせす	プロセス	3727
ぷろでゅーす	プロデュース	4490
ぷろふぃーる	プロフィール	4111
ぷろふぇっしょなる	プロフェッショナル	4379
ぷろもーしょん	プロモーション	4291
ぷーる	プール	4245
へあ	ヘア	4185
へいおん	平穏	4259
へいき	平気	4340
へいきん	平均	3612
へいこう	平行	4112
へいさ	閉鎖	4456
へいしゃ	弊社	3829
へいじつ	平日	3155
へいたん	平坦	4325
へいねん	平年	4398
へいぼん	平凡	4252
へいよう	併用	4194
へいわ	平和	3114
へき	壁	4205
へた	下手	3793
へたくそ	下手くそ	4466
へっど	ヘッド	3984
へや	部屋	3722
へるしー	ヘルシー	3983
へん	変	2980
へんか	変化	3276
へんかく	変革	4464
へんきん	返金	4288
へんけい	変形	4274
へんげ	変化	3834
へんこう	変更	2877
へんさい	返済	4360
へんしゅう	編集	3330
へんしゅうぶ	編集部	4433
へんしん	返信	3844
へんしん	変身	4275
へんじ	返事	4331
へんすう	変数	4467
へんせい	編成	3929
へんだ	変だ	4177
へんどう	変動	3900
へんな	変な	3354
へんぴん	返品	4074
べすと	ベスト	4027
べたべた	ベタベタ	4289
べっど	ベッド	4144
べつ	別	3557
べつに	別に	2707
べつべつ	別々	3790
べや	部屋	3820
べると	ベルト	4176
べんきょう	勉強	3311
べんごし	弁護士	3944
べんり	便利	2477
べーしっく	ベーシック	4405
べーす	ベース	3745
ぺあ	ペア	4389
ぺっと	ペット	4054
ぺらぺら	ペラペラ	4350
ぺん	ペン	4435
ぺーじ	ページ	3279
ぺーす	ペース	4178
ほいく	保育	3868
ほいくえん	保育園	4313
ほいーる	ホイール	4060
ほう	方	3757
ほう	法	4141
ほうかい	崩壊	4263
ほうかつ	包括	4402
ほうこう	方向	3671
ほうこく	報告	3291
ほうしき	方式	4145
ほうしゅう	報酬	3932
ほうしん	方針	3968
ほうじゅん	芳醇	4489
ほうじん	法人	3623
ほうそう	放送	3417
ほうそう	包装	4339
ほうち	放置	3992
ほうてき	法的	3437
ほうどう	報道	4043
ほうふ	豊富	2666
ほうほう	方法	2797
ほうめん	方面	4249
ほうもん	訪問	3578
ほうりつ	法律	3769
ほうれい	法令	4021
ほか	外	4342
ほかん	保管	3647
ほきゅう	補給	4357
ほきょう	補強	4473
ほくほく	ホクホク	4494
ほけん	保険	3472
ほけん	保健	4370
ほこう	歩行	4351
ほご	保護	3147
ほし	星	3941
ほしつ	保湿	4483
ほしゅ	保守	4349
ほしゅう	補修	4473
ほしょう	保証	3589
ほしょう	保障	4248
ほしょう	補償	4374
ほじ	保持	4120
ほじょ	補助	3877
ほじょきん	補助金	4449
ほせい	補正	4197
ほぜん	保全	4395
ほぞん	保存	3380
ほっと	ホッと	4260
ほてる	ホテル	3507
ほとんど	殆ど	3652
ほど	程	3905
ほゆう	保有	3979
ほるもん	ホルモン	4425
ほわいと	ホワイト	4224
ほんかく	本格	4008
ほんかくてき	本格的	4347
ほんき	本気	4326
ほんさく	本作	4081
ほんしつ	本質	4335
ほんしゃ	本社	4162
ほんじつ	本日	2572
ほんたい	本体	3946
ほんと	ホント	3462
ほんとう	本当	3995
ほんとうに	本当に	1718
ほんとうは	本当は	3291
ほんにん	本人	3517
ほんねん	本年	3731
ほんばん	本番	4244
ほんぶ	本部	4283
ほんもの	本物	3133
ほんやく	翻訳	3914
ほんらい	本来	2825
ほーむ	ホーム	3917
ほーむぺーじ	ホームページ	3807
ほーる	ホール	4105
ぼうえい	防衛	4213
ぼうえき	貿易	4483
ぼうぎょ	防御	4092
ぼうけん	冒険	3969
ぼうさい	防災	4101
ぼうし	防止	3553
ぼうすい	防水	4158
ぼうだい	膨大	3718
ぼうとう	冒頭	4448
ぼうはん	防犯	4499
ぼうりょく	暴力	4324
ぼしゅう	募集	3544
ぼす	ボス	4063
ぼたん	ボタン	3537
ぼち	墓地	4500
ぼっくす	ボックス	4050
ぼでぃ	ボディ	4001
ぼらんてぃあ	ボランティア	4189
ぼりゅーむ	ボリューム	4193
ぼーと	ボート	4426
ぼーど	ボード	3931
ぼーなす	ボーナス	4204
ぼーる	ボール	3871
ぽい	ポイ	3831
ぽいんと	ポイント	3116
ぽかぽか	ポカポカ	4339
ぽけっと	ポケット	4166
ぽじしょん	ポジション	4293
ぽじてぃぶ	ポジティブ	3434
ぽすたー	ポスター	4364
ぽすと	ポスト	4374
ぽっぷ	ポップ	4263
ぽりしー	ポリシー	4280
ぽんぽん	ポンポン	4207
ぽーず	ポーズ	4297
ぽーたぶる	ポータブル	4094
ぽーと	ポート	4217
まいあさ	毎朝	3874
まいかい	毎回	2995
まいく	マイク	4487
まいしゅう	毎週	3159
まいつき	毎月	3101
まいとし	毎年	2869
まいとしこうれい	毎年恒例	4345
まいど	毎度	4035
まいなす	マイナス	4176
まいにち	毎日	2474
まいねん	毎年	4064
まいばん	毎晩	4237
まいるど	マイルド	4276
まうす	マウス	4273
まうんと	マウント	4444
まえむき	前向き	3344
まえもって	前もって	4032
まことに	誠に	2627
まことに	真に	4156
まさに	当に	3649
まさに	正に	4005
まし	マシ	3651
ましん	マシン	4241
まじ	マジ	2632
まじめ	真面目	3430
ます	マス	4449
ますく	マスク	3939
ますたー	マスター	4232
ますます	益々	4015
まず	先ず	3619
まずさいしょ	まず最初	3886
まずはじめ	まず初め	4475
また	又	4254
まだ	未だ	4278
まち	街	3746
まち	町	4324
まぢか	間近	3763
まっか	真っ赤	4035
まっくす	マックス	4102
まっくら	真っ暗	4186
まっくろ	真っ黒	4172
まっさーじ	マッサージ	4103
まっしろ	真っ白	3886
まっすぐ	真っ直ぐ	4193
まっすぐ	真っすぐ	4423
まっち	マッチ	4132
まっちんぐ	マッチング	4408
まっと	マット	4412
まっぷ	マップ	3821
まつり	祭り	4453
まど	窓	3971
まどぐち	窓口	4087
まなー	マナー	4415
まにあっく	マニアック	4214
まにゅある	マニュアル	4236
まねじめんと	マネジメント	4164
まねーじゃー	マネージャー	4230
まほう	魔法	3899
まま	ママ	3934
まめ	豆	4329
まよなか	真夜中	4261
まらそん	マラソン	4438
まる	丸	4439
まるごと	丸ごと	3651
まるち	マルチ	4243
まれ	稀	3666
まれ	希	4203
まわり	周り	3690
まん	マン	4075
まんが	漫画	3778
まんが	マンガ	4365
まんがいち	万が一	3429
まんきつ	満喫	4366
まんさい	満載	4316
まんしょん	マンション	4100
まんぞく	満足	3508
まんぞくど	満足度	4371
まんなか	真ん中	4359
まーく	マーク	3737
まーけてぃんぐ	マーケティング	3921
みかた	味方	3909
みかた	見方	4400
みぎ	右	3624
みぎがわ	右側	4414
みけいけん	未経験	4223
みごと	見事	3190
みじか	身近	4413
みじゅく	未熟	4142
みす	ミス	3885
みすてりあす	ミステリアス	4448
みず	水	3566
みずから	自ら	2770
みそ	味噌	4443
みため	見た目	3766
みち	道	3929
みぢか	身近	3261
みっか	3日	4014
みっくす	ミックス	4477
みっしょん	ミッション	3980
みっせつ	密接	4054
みっちゃく	密着	4262
みっつ	3つ	2560
みっつ	三つ	3562
みっつつ	3つつ	4227
みてい	未定	3937
みどり	緑	4050
みなおし	見直し	4443
みなさま	皆様	2371
みなさま	皆さま	4091
みなさん	皆さん	2343
みなみ	南	4010
みに	ミニ	4107
みみ	耳	3935
みょう	妙	3729
みょうじつ	明日	3909
みょうに	妙に	3716
みょうにち	明日	3494
みらい	未来	3607
みりょう	魅了	4435
みりょく	魅力	3265
みりょくてき	魅力的	4208
みるからに	見るからに	4355
みるく	ミルク	4401
みんかん	民間	4367
むいか	6日	4371
むいしき	無意識	3987
むいみ	無意味	4148
むえん	無縁	4299
むかし	昔	2520
むかんけい	無関係	4032
むく	無垢	4428
むげん	無限	3865
むこう	無効	3013
むし	無視	3982
むし	虫	4420
むしろ	寧ろ	4435
むじゃき	無邪気	4345
むすこ	息子	3837
むすめ	娘	3881
むせきにん	無責任	4375
むせん	無線	4295
むだ	無駄	3027
むち	無知	4473
むちゅう	夢中	3590
むっつ	6つ	3687
むてき	無敵	4452
むね	胸	4001
むのう	無能	4262
むり	無理	2618
むりやり	無理やり	3621
むりやり	無理矢理	4132
むりょう	無料	3265
むりょく	無力	4173
むろん	無論	4281
めい	名	4388
めい	命	4390
めいかく	明確	2743
めいがら	銘柄	4495
めいく	メイク	3953
めいしょう	名称	4128
めいじ	明示	4494
めいど	メイド	4266
めいはく	明白	4334
めいよ	名誉	3598
めいりょう	明瞭	4239
めいれい	命令	4229
めいわく	迷惑	3521
めいん	メイン	2626
めがね	メガネ	4337
めじゃー	メジャー	4442
めせん	目線	4381
めっしゅ	メッシュ	3667
めっせーじ	メッセージ	3402
めった	滅多	4188
めっちゃ	メッチャ	4451
めでぃあ	メディア	3876
めにゅー	メニュー	3522
めも	メモ	4034
めもり	メモリ	4129
めやす	目安	3998
めりっと	メリット	3672
めん	麺	4133
めん	面	4422
めんえき	免疫	4372
めんきょ	免許	4116
めんせき	面積	4308
めんせつ	面接	3684
めんたる	メンタル	3655
めんだん	面談	4309
めんてなんす	メンテナンス	3856
めんどう	面倒	3118
めんばー	メンバー	3446
めんみつ	綿密	4409
めーかー	メーカー	3547
めーる	メール	3301
めーるあどれす	メールアドレス	4084
もういちど	もう一度	2836
もうしこみ	申し込み	4045
もうしこみ	申込み	4316
もうしこみ	申込	4377
もうそう	妄想	4421
もうれつ	猛烈	4356
もくげき	目撃	4471
もくてき	目的	3175
もくひょう	目標	3573
もくもくと	黙々と	4072
もくよう	木曜	4191
もくようび	木曜日	3833
もじ	文字	3664
もじどおり	文字通り	3716
もだん	モダン	3908
もち	持ち	4040
もちべーしょん	モチベーション	4410
もちろん	勿論	3242
もちーふ	モチーフ	4176
もって	以て	3975
もっとも	最も	2067
もっぱら	専ら	4369
もでる	モデル	3130
もと	元	4133
もにたー	モニター	4047
もの	モノ	4156
ものがたり	物語	3451
もはや	最早	4466
もばいる	モバイル	4324
もみじ	紅葉	4423
もやもや	モヤモヤ	3715
もよう	模様	4077
もり	森	4111
もろもろ	諸々	4259
もんく	文句	4399
もんすたー	モンスター	3927
もんだい	問題	3969
もーど	モード	3584
やかん	夜間	4439
やきにく	焼肉	4495
やきゅう	野球	3727
やく	薬	4379
やくいん	役員	4097
やくそく	約束	3986
やくわり	役割	3530
やさい	野菜	3771
やすみ	休み	4437
やすらか	安らか	4497
やせい	野生	4446
やちゅう	夜中	4470
やっかい	厄介	3910
やっつ	8つ	4062
やね	屋根	4071
やま	山	3791
やみ	闇	4256
やりかた	やり方	4138
やりとり	やり取り	4256
やるき	やる気	4270
やわらか	柔らか	3670
ゆいいつ	唯一	2875
ゆう	夕	4164
ゆうい	優位	3602
ゆうい	有意	4065
ゆういぎ	有意義	3966
ゆうえき	有益	3802
ゆうかん	勇敢	4457
ゆうが	優雅	3870
ゆうがい	有害	3654
ゆうがた	夕方	3270
ゆうき	勇気	4348
ゆうぐれ	夕暮れ	4096
ゆうこう	有効	2549
ゆうこうきげん	有効期限	4376
ゆうこうせい	有効性	4486
ゆうごう	融合	4082
ゆうし	融資	4485
ゆうしゅう	優秀	3064
ゆうしょう	優勝	3712
ゆうしょく	夕食	4349
ゆうじん	友人	3807
ゆうせい	優勢	4350
ゆうせん	優先	3631
ゆうそう	郵送	4371
ゆうだい	雄大	4187
ゆうどう	誘導	4257
ゆうのう	有能	4230
ゆうびん	郵便	4111
ゆうふく	裕福	4280
ゆうぼう	有望	4252
ゆうめい	有名	2642
ゆうよう	有用	3591
ゆうり	有利	3326
ゆうりょう	有料	4136
ゆうりょく	有力	3816
ゆか	床	4383
ゆかい	愉快	4364
ゆき	雪	3940
ゆしゅつ	輸出	4387
ゆそう	輸送	4131
ゆたか	豊か	2691
ゆたかさ	豊かさ	4403
ゆにっと	ユニット	4044
ゆにゅう	輸入	4079
ゆにーく	ユニーク	3300
ゆび	指	4115
ゆびわ	指輪	4349
ゆめ	夢	3459
ゆらい	由来	3914
ゆるやか	緩やか	3944
ゆーざ	ユーザ	4069
ゆーざー	ユーザー	3357
ようい	容易	3221
ようい	用意	3329
よういん	要因	4037
ようか	8日	4392
ようき	陽気	3876
ようき	容器	4306
ようきゅう	要求	3902
ようけん	要件	4160
ようご	用語	4317
ようし	用紙	4475
ようしき	様式	4322
ようす	様子	3496
ようするに	要するに	3372
ようせい	要請	4377
ようそ	要素	3598
ようちえん	幼稚園	4351
ようと	用途	4036
ようは	要は	3609
ようひん	用品	4269
ようぼう	要望	3886
ようりょう	容量	4074
よく	良く	4116
よくあさ	翌朝	3996
よくげつ	翌月	4083
よくじつ	翌日	3094
よくせい	抑制	4145
よくとし	翌年	3831
よくねん	翌年	4158
よけい	余計	3441
よこ	横	3825
よこく	予告	4055
よこしま	邪	4404
よごれ	汚れ	4386
よさ	良さ	4196
よさん	予算	4005
よせん	予選	4283
よそう	予想	3577
よそく	予測	3873
よっつ	4つ	3010
よっつ	四つ	4075
よてい	予定	3091
よなか	夜中	3901
よに	世に	3964
よのなか	世の中	4246
よぶん	余分	3816
よほど	余程	4253
よぼう	予防	3664
よみかた	読み方	4433
よやく	予約	3095
よゆう	余裕	3959
よる	夜	2683
よるになる	夜になる	4201
よろこび	喜び	4451
よろしく	宜しく	2872
らいげつ	来月	3836
らいしゅう	来週	3517
らいじょう	来場	4071
らいせんす	ライセンス	4234
らいたー	ライター	4484
らいてん	来店	3684
らいと	ライト	3830
らいねん	来年	3038
らいねんど	来年度	4111
らいふ	ライフ	4123
らいふすたいる	ライフスタイル	4458
らいぶ	ライブ	3502
らいん	ライン	3530
らいんなっぷ	ラインナップ	4174
らうんど	ラウンド	4463
らく	楽	2862
らく	ラク	4091
らくだ	楽だ	4289
らくちん	楽ちん	4497
らくてん	楽天	4076
らくで	楽で	4454
らくな	楽な	3983
らくらく	ラクラク	3880
らくらく	楽々	4035
らじお	ラジオ	4098
らすと	ラスト	4359
らっきー	ラッキー	3684
らっぷ	ラップ	4269
らふ	ラフ	4177
らべる	ラベル	4403
らん	欄	4043
らん	卵	4384
らんきんぐ	ランキング	3565
らんく	ランク	4042
らんだむ	ランダム	3273
らんち	ランチ	3994
らんぷ	ランプ	4472
らーめん	ラーメン	3942
りあ	リア	4474
りある	リアル	3417
りあるたいむ	リアルタイム	4293
りえき	利益	4062
りかい	理解	3010
りき	力	3810
りくえすと	リクエスト	4069
りくじょう	陸上	4343
りこん	離婚	4079
りさいくる	リサイクル	4230
りさーち	リサーチ	4494
りじ	理事	4317
りすく	リスク	3547
りすと	リスト	3850
りずむ	リズム	4243
りせっと	リセット	4209
りそう	理想	3898
りそーす	リソース	4321
りぞーと	リゾート	4279
りったい	立体	4386
りっち	リッチ	3917
りっち	立地	4456
りっぱ	立派	3432
りとう	離島	4301
りにゅーある	リニューアル	4192
りねん	理念	4445
りびんぐ	リビング	4445
りふぉーむ	リフォーム	4123
りふじん	理不尽	4080
りふと	リフト	4449
りふれっしゅ	リフレッシュ	4445
りもーと	リモート	4323
りゅうがく	留学	4093
りゅうこう	流行	4292
りゅうつう	流通	4277
りゆう	理由	3228
りょう	量	3900
りょういき	領域	3928
りょうきん	料金	3657
りょうこう	良好	3293
りょうしつ	良質	3923
りょうしょう	了承	3364
りょうしん	両親	4241
りょうほう	両方	2794
りょうほう	療法	4079
りょうめん	両面	3499
りょうよう	療養	4498
りょうり	料理	3197
りょうりつ	両立	4122
りょこう	旅行	3410
りよう	利用	2432
りようかのう	利用可能	4407
りようしゃ	利用者	3887
りらっくす	リラックス	3991
りりーす	リリース	3791
りれき	履歴	4248
りろん	理論	4159
りんく	リンク	3414
りんぐ	リング	3924
りんしょう	臨床	4246
りんせつ	隣接	4463
りんと	凛と	4013
りーぐ	リーグ	4106
りーずなぶる	リーズナブル	3685
りーだー	リーダー	3950
りーど	リード	4194
るいじ	類似	4414
るーと	ルート	3978
るーぷ	ループ	4338
るーむ	ルーム	4139
るーる	ルール	3756
れあ	レア	3442
れいあうと	レイアウト	4471
れいきゃく	冷却	4400
れいせい	冷静	3389
れいぞうこ	冷蔵庫	4323
れいてき	霊的	4373
れいとう	冷凍	4041
れきし	歴史	3460
れこーど	レコード	4218
れしぴ	レシピ	3843
れす	レス	4058
れすとらん	レストラン	3999
れっか	劣化	4061
れっしゃ	列車	4126
れっすん	レッスン	3828
れっど	レッド	3385
れつ	列	4376
れびゅー	レビュー	3540
れべる	レベル	3336
れぽーと	レポート	3847
れもん	レモン	4468
れんあい	恋愛	3712
れんけい	連携	3513
れんけつ	連結	4461
れんごう	連合	4282
れんさい	連載	4039
れんしゅう	練習	3337
れんじ	レンジ	4309
れんじつ	連日	3935
れんず	レンズ	3986
れんぞく	連続	3636
れんたる	レンタル	4227
れんどう	連動	4410
れんらく	連絡	3108
れーざー	レーザー	4472
れーす	レース	3741
ろうじん	老人	4414
ろうどう	労働	3509
ろくおん	録音	4202
ろくが	録画	4281
ろくがつ	6月	2657
ろくがつ	六月	3157
ろぐ	ログ	4172
ろぐいん	ログイン	3770
ろこつ	露骨	4383
ろご	ロゴ	4173
ろしゅつ	露出	4427
ろせん	路線	4236
ろっく	ロック	3678
ろぼっと	ロボット	4172
ろまんちっく	ロマンチック	4121
ろんぐ	ロング	4393
ろんぶん	論文	4245
ろんり	論理	4449
ろーかる	ローカル	4466
ろーど	ロード	4016
ろーん	ローン	3951
わいど	ワイド	3731
わいるど	ワイルド	4072
わいわい	ワイワイ	4064
わいん	ワイン	4044
わかくして	若くして	4454
わかて	若手	4325
わかもの	若者	4245
わがや	我が家	4312
わく	枠	4392
わくちん	ワクチン	4262
わけ	理由	3969
わざ	技	4392
わずか	僅か	3941
わたしたち	私たち	3583
わだい	話題	3665
わり	割	4225
わりあい	割合	4136
わりだか	割高	4264
わりびき	割引	4071
わりやす	割安	4399
われながら	我ながら	4339
わん	ワン	3990
わーく	ワーク	3714
わーくしょっぷ	ワークショップ	4269
わーるど	ワールド	4337
